"Symbol","price","grahamNumber","yearHigh","yearLow","grahamMinusPrice","DCF","DCFminusPrice","InsiderPurchased","TransactionCount","TransactionCountBand"
"A",133.97,39.8441395410321,179.57,123.06,-94.1258604589679,"138.803876221498","4.833876221498",2481695.16,15,"12-45"
"A17U.SI",2.95,2.65189092929677,3.18,2.76,-0.298109070703226,"3.02582464852757","0.0758246485275698",0,0,"1-12"
"AA",90.62,35.9966465212243,98.09,30.025,-54.6233534787757,"100.379196191714","9.759196191714",0,0,"1-12"
"AAP",207.48,95.7884591757291,244.55,179.6,-111.691540824271,"216.195968870919","8.715968870919",-1194701.7,16,"12-45"
"AAPL",174.31,21.950837680916,182.94,122.25,-152.359162319084,"176.381756170308","2.07175617030799",0,8,"1-12"
"ABBV",162.68,35.8366610523643,164.66,104.17,-126.843338947636,"168.201397537394","5.52139753739399",-7443205.3032,10,"1-12"
"ABC",156.52,13.5095996062904,157.38,111.34,-143.01040039371,"168.738559470415","12.218559470415",-9483035.35,18,"12-45"
"ABEV",3.29,9.7539507050781,3.95,2.5,6.4639507050781,"4.33857668974737","1.04857668974737",0,0,"1-12"
"ABEV3.SA",15.39,9.75630656709381,19.86,13.06,-5.63369343290619,"16.4468610127693","1.0568610127693",0,0,"1-12"
"ABMD",338.64,57.543967467415,379.3,261.27,-281.096032532585,"343.735021237466","5.09502123746603",0,0,"1-12"
"ABT",118.58,42.6098784379126,142.6,105.36,-75.9701215620874,"124.066562150056","5.486562150056",-361477.2,7,"1-12"
"ABX.TO",31.21,18.7400557795215,33.5,22.3,-12.4699442204785,"34.2134129692833","3.0034129692833",0,0,"1-12"
"ACC",57.44,11.4669857447301,57.83,42.82,-45.9730142552699,"58.3076420367236","0.867642036723602",0,0,"1-12"
"ACM",77.6,22.0743559401437,79.97,58.36,-55.5256440598563,"62.2933977391165","-15.3066022608835",0,0,"1-12"
"ACN",340.64,80.2626390484654,417.37,276.88,-260.377360951535,"353.286012780233","12.646012780233",183823.4525,7,"1-12"
"ADBE",458.19,83.3003109551866,699.54,407.94,-374.889689044813,"466.115773195876","7.92577319587599",-1939588.35,11,"1-12"
"ADI",165.36,86.7397441943342,191.95,143.81,-78.6202558056658,"170.289038496043","4.92903849604298",-2871883.84,85,"45<"
"ADM",91.17,66.5717759353409,93.5,56.91,-24.5982240646591,"92.8449555950266","1.6749555950266",-1667312.818,2,"1-12"
"ADP",233.5,42.7103023806176,248.96,184.85,-190.789697619382,"239.515416958655","6.01541695865501",0,0,"1-12"
"ADSK",213.04,14.0255149984348,344.39,186.29,-199.014485001565,"219.924684684685","6.884684684685",-13719384.2,31,"12-45"
"AEE",94.79,59.5110715544736,94.85,79.35,-35.2789284455264,"94.822167269803","0.0321672698029971",-2371992.47,4,"1-12"
"AEM",63.28,35.395183006222,74.5,45.42,-27.884816993778,"64.0443249736704","0.764324973670398",0,0,"1-12"
"AEM.TO",79.14,35.0756637347427,89.95,58.02,-44.0643362652573,"79.899140610954","0.759140610954006",0,0,"1-12"
"AEP",101.51,71.4884539035685,101.61,80.22,-30.0215460964315,"102.321299683852","0.811299683851999",-2442355.4,7,"1-12"
"AER",50.5,60.4084781784808,71.38,43.75,9.90847817848083,"59.8887040867446","9.3887040867446",0,0,"1-12"
"AES",26.22,7.72177204369135,28.86,19.76,-18.4982279563086,"27.6316766467066","1.4116766467066",-1352332.36,12,"12-45"
"AGCO",144.72,110.707945514313,158.62,108.56,-34.0120544856874,"156.480582010582","11.760582010582",0,0,"1-12"
"AGR",47.49,56.2838723599577,55.57,42.2,8.79387235995767,"52.2509819121447","4.7609819121447",-830896.88,16,"12-45"
"AJG",176.4,68.98409419586,177.245,126.9,-107.41590580414,"178.464107296665","2.06410729666499",6683760.738,92,"45<"
"AKAM",120.51,50.155541828964,121.8,96.86,-70.354458171036,"123.758685030839","3.248685030839",-6341751.26,71,"45<"
"ALB",224.92,37.1833651600538,291.48,143.26,-187.736634839946,"229.032725638529","4.11272563852901",0,0,"1-12"
"ALGN",446.41,100.720263196588,737.45,372.62,-345.689736803412,"460.285678404645","13.875678404645",0,0,"1-12"
"ALNY",169.29,29.2172688603021,212,125,-140.072731139698,"176.421085523455","7.131085523455",0,0,"1-12"
"ALUP11.SA",28.19,15.1611653719797,28.53,23.14,-13.0288346280203,"28.6359052330627","0.4459052330627",0,0,"1-12"
"ALXN",182.5,57.4033004244771,187.45,99.91,-125.096699575523,"196.0303514377","13.5303514377",0,0,"1-12"
"AM.PA",143.4,106.389337132412,145.7,81.85,-37.0106628675877,"193.765410979298","50.365410979298",0,0,"1-12"
"AMAT",127.41,44.2637930093376,167.06,114.39,-83.1462069906624,"132.845255712731","5.43525571273099",0,10,"1-12"
"AMC",23.3,14.9710699569429,72.62,8.31,-8.32893004305705,"26.6346599359041","3.3346599359041",-7443053.803,25,"12-45"
"AMD",108.19,19.5058214672297,164.46,72.5,-88.6841785327702,"110.290248550124","2.10024855012401",-16818790.18,12,"12-45"
"AME",134.38,53.9260638204977,148.07,121.8,-80.4539361795023,"135.88020333117","1.50020333117001",21748704.6355,53,"45<"
"AMGN",243.12,50.8626829430192,261,198.64,-192.257317056981,"256.660677966102","13.540677966102",-8595681.84,9,"1-12"
"AMH",40.85,16.5599084876816,44.07,33.59,-24.2900915123184,"41.0069585271042","0.156958527104202",32397.75,1,"1-12"
"AMP",297.41,151.771557142486,332.37,234.72,-145.638442857514,"355.071097852029","57.661097852029",-22097360.4013,7,"1-12"
"AMT",256.95,38.6203182000169,303.72,220,-218.329681799983,"261.320953858293","4.37095385829303",-10062740.28,39,"12-45"
"AMX",21.79,153.707214535765,21.81,13.72,131.917214535765,"21.79","0",0,0,"1-12"
"AMZN",3271.2,644.29539514108,3773.08,2671.45,-2626.90460485892,"3342.21960784314","71.01960784314",-1331817.46,5,"1-12"
"ANET",139.48,28.5452960727871,148.57,75.65,-110.934703927213,"141.433101994589","1.95310199458902",-76391512.353,49,"45<"
"ANSS",316.49,78.8976901673575,413.89,258,-237.592309832643,"324.139012464485","7.649012464485",-7800599.2,12,"12-45"
"ANTM",499.33,286.770381186841,505.95,349.05,-212.559618813159,"518.519933149823","19.189933149823",-46810668.66,30,"12-45"
"AON",328.83,23.6031553752106,331.895,223.19,-305.226844624789,"331.163762333762","2.33376233376202",-205413.03,22,"12-45"
"AOS",65.88,27.7006158619886,86.74,60.39,-38.1793841380114,"68.6062551966741","2.7262551966741",0,0,"1-12"
"APA",42.22,16.884092923588,42.77,15.55,-25.335907076412,"43.0189417989418","0.798941798941804",18759.8400000001,2,"1-12"
"APD",248.99,114.114961532986,316.39,216.24,-134.875038467014,"269.074943820225","20.084943820225",110087.360164,8,"1-12"
"APH",75.57,31.0812263788725,88.45,64.13,-44.4887736211275,"77.5163414634146","1.94634146341461",0,0,"1-12"
"APO",62.33,9.86349238507997,81.07,46.33,-52.46650761492,"66.3610314304977","4.03103143049771",-600,1,"1-12"
"APTV",119.07,39.9592418525086,180.81,94.75,-79.1107581474914,"130.6658625785","11.5958625785",-1304257.76,9,"1-12"
"AQN.TO",19.51,11.8200055117278,21.25,17.14,-7.68999448827221,"19.7603586259244","0.250358625924399",0,0,"1-12"
"ARE",205.97,114.389129818314,224.95,167.73,-91.5808701816856,"208.826731757451","2.856731757451",-82135.5,2,"1-12"
"ARES",83.04,25.0303255792542,90.08,50.46,-58.0096744207458,"90.7732099154977","7.7332099154977",0,0,"1-12"
"ARX.TO",17.11,16.3547193722497,17.5,7.26,-0.755280627750295,"17.11","0",0,0,"1-12"
"ARZZ3.SA",93.72,38.3562356523874,101.84,63.39,-55.3637643476126,"94.0882849379644","0.368284937964404",0,0,"1-12"
"ASML",667.73,86.0926499027335,895.93,558.77,-581.637350097267,"684.317449296111","16.587449296111",0,0,"1-12"
"ATD-B.TO",49.67,24.2414703551899,52.42,36.03,-25.4285296448101,"52.3547680940087","2.6847680940087",0,0,"1-12"
"ATO",121.41,83.8463655098894,121.46,85.8,-37.5636344901106,"122.309017206587","0.899017206587004",1916631.50799,15,"12-45"
"ATVI",80.82,42.4016072418113,99.46,56.4,-38.4183927581887,"94.2171722365039","13.3971722365039",-1434370.136,6,"1-12"
"AVB",254.44,111.929757787095,259.05,183.58,-142.510242212905,"257.432490593259","2.99249059325899",0,2,"1-12"
"AVGO",626.98,153.087835891307,677.76,419.14,-473.892164108693,"655.870736342043","28.8907363420429",-46343388.314,35,"12-45"
"AVY",175.04,68.0794047623619,229.24,156.51,-106.960595237638,"176.974601664685","1.934601664685",0,0,"1-12"
"AWK",168.84,79.563941422617,189.65,144.2,-89.276058577383,"169.477362637363","0.637362637362997",0,0,"1-12"
"AXP",187.17,78.464685796678,199.55,140.68,-108.705314203322,"214.465285359801","27.295285359801",0,0,"1-12"
"AZO",1974.51,421.32298013696,2110,1367.96,-1553.18701986304,"2025.88659546471","51.3765954647099",-5006274.6863,23,"12-45"
"AZPN",166.96,35.3712040181659,169.22,122.29,-131.588795981834,"172.505946971909","5.54594697190899",0,1,"1-12"
"BA",190.76,66.2247705603238,260.48,167.58,-124.535229439676,"204.911142355009","14.151142355009",0,0,"1-12"
"BABA",110.2,659.485264494678,245.69,73.28,549.285264494678,"227.118205804749","116.918205804749",0,0,"1-12"
"BAC",40.9,50.3599177923104,50.11,36.51,9.4599177923104,"81.296616990076","40.396616990076",-657858,3,"1-12"
"BAH",89.31,27.8169921358016,91,69.68,-61.4930078641984,"96.4544267840357","7.1444267840357",-2407579.57,7,"1-12"
"BAM",57.15,6.87758747656278,62.47,43.96,-50.2724125234372,"63.7220524017467","6.5720524017467",0,0,"1-12"
"BAX",78.58,31.8146504746364,89.7,73.12,-46.7653495253636,"84.2879303675048","5.7079303675048",34740810.37,23,"12-45"
"BBY",90.38,52.2796434919641,141.97,85.58,-38.1003565080359,"102.156975531488","11.776975531488",-7570622.616,34,"12-45"
"BCE",56.13,42.0346452574848,56.33,45.6,-14.0953547425152,"56.3588810260947","0.228881026094697",0,0,"1-12"
"BCE.TO",70.23,42.0346452574848,71.94,57.2,-28.1953547425152,"70.4589063363928","0.228906336392797",0,0,"1-12"
"BDX",262.5,115.39978966366,280.62,235.13,-147.10021033634,"270.316110842928","7.81611084292803",0,1,"1-12"
"BEKE",14.01,23.7554776311479,61.39,7.31,9.7454776311479,"31.2926739717237","17.2826739717237",0,0,"1-12"
"BEN",27.93,43.8948864718447,38.27,26.45,15.9648864718447,"37.4024826742764","9.4724826742764",0,0,"1-12"
"BEP-UN.TO",51.29,0,55.4,39.24,-51.29,"54.0680767058614","2.7780767058614",0,0,"1-12"
"BF-B",67.85,15.3512138791038,81.57,62.33,-52.4987861208962,"70.2424589693287","2.3924589693287",0,0,"1-12"
"BG",112.78,136.829380122072,117.45,71.73,24.0493801220715,"118.793333333333","6.01333333333299",-185221159.47,67,"45<"
"BGNE",197.1,168.800534273417,426.56,136.09,-28.2994657265826,"197.099412974528","-0.000587025471986635",0,0,"1-12"
"BIDU",140.97,639.812860659876,228.53,102.18,498.842860659876,"245.731904761905","104.761904761905",0,0,"1-12"
"BIIB",210.65,121.392400450309,468.55,192.67,-89.2575995496906,"224.669838809671","14.019838809671",0,0,"1-12"
"BILI",27.62,65.6243176087608,129.24,14.93,38.0043176087608,"49.3746542081424","21.7546542081424",0,0,"1-12"
"BIP",67.26,0,67.32,52.44,-67.26,"72.0309535120462","4.77095351204619",0,0,"1-12"
"BK",49.45,67.7226677995355,64.63,45.8,18.2726677995355,"185.398567753559","135.948567753559",-57629.28,1,"1-12"
"BKR",36.42,13.4575216473498,39.78,18.75,-22.9624783526502,"42.1281481481481","5.7081481481481",-7765388.77,22,"12-45"
"BLDR",64.2,67.6497056672617,86.48,39.24,3.44970566726168,"64.4093822185089","0.209382218508892",-4430265.12,10,"1-12"
"BLK",769.76,461.589563307066,973.16,660.15,-308.170436692934,"878.329728832458","108.569728832458",0,0,"1-12"
"BLL",89.22,25.9446886290827,98.09,77.95,-63.2753113709173,"90.9116304854048","1.6916304854048",1021913.45455,12,"12-45"
"BMO",116.99,156.181545281093,122.77,88.98,39.1915452810933,"280.281430991952","163.291430991952",0,0,"1-12"
"BMO.TO",146.38,154.796537348983,154.47,112.34,8.4165373489831,"307.853524533049","161.473524533049",0,0,"1-12"
"BMRN",79.27,13.7244845486404,94.2,71.59,-65.5455154513596,"82.3338675278331","3.06386752783311",-21757769.94,38,"12-45"
"BMY",73.82,33.383943816951,74.07,53.22,-40.4360561830489,"80.0108768821966","6.1908768821966",-24857668.339,100,"45<"
"BNS.TO",89.07,102.16195832525,95,75.84,13.09195832525,"160.916534653465","71.846534653465",0,0,"1-12"
"BOL.PA",4.872,3.18226601326923,5.42,3.994,-1.68973398673077,"5.6285324934469","0.7565324934469",0,0,"1-12"
"BP",29.84,33.6279459290457,34.16,22.64,3.78794592904567,"38.9434726686739","9.1034726686739",0,0,"1-12"
"BR",156.31,40.8031086150377,185.4,137.58,-115.506891384962,"158.640220713073","2.330220713073",0,4,"1-12"
"BRO",72.56,27.1414528555938,74,46.46,-45.4185471444062,"75.7753501506161","3.2153501506161",0,0,"1-12"
"BSX",44.99,13.9281499054919,46.29,37.96,-31.0618500945081,"46.3487915578457","1.3587915578457",-2162497.3131,11,"1-12"
"BSY",44.25,3.03004100803623,71.92,34.45,-41.2199589919638,"45.2968076281701","1.0468076281701",-77627.24,20,"12-45"
"BURL",181.95,39.7189130994122,357.34,171.15,-142.231086900588,"197.965779584887","16.015779584887",0,6,"1-12"
"BXP",130.24,52.1396844020804,133.11,102.24,-78.1003155979196,"133.130790431551","2.89079043155098",238748.832,8,"1-12"
"C",52.33,159.171957292434,80.29,51.765,106.841957292434,"183.241770583533","130.911770583533",-301205.641,1,"1-12"
"CAE.TO",32.81,6.57761696712331,42.43,29.05,-26.2323830328767,"36.1455296588969","3.3355296588969",0,0,"1-12"
"CAG",34.08,32.5412069116233,39.09,30.06,-1.53879308837672,"34.2423616236162","0.162361623616199",0,0,"1-12"
"CAH",57.6,16.9932640461012,62.11,45.85,-40.6067359538988,"69.1884353741497","11.5884353741497",-70076.52,1,"1-12"
"CAR",260.58,38.8605968470342,545.11,65.87,-221.719403152966,"268.658668683812","8.078668683812",-32930341.7658,65,"45<"
"CAT",219.77,91.0677220835514,246.69,179.67,-128.702277916449,"236.824920751935","17.054920751935",71388856.49,26,"12-45"
"CATR.PA",206,87.3543124757997,213.6,153,-118.6456875242,"222.47792022792","16.47792022792",0,0,"1-12"
"CBOE",116.85,61.332183951693,139,98.8,-55.517816048307,"120.045327102804","3.195327102804",0,0,"1-12"
"CBRE",91.73,55.9765752771772,111,77.72,-35.7534247228228,"98.8727727937283","7.1427727937283",-5642332.722,18,"12-45"
"CCI",189.04,33.0331681892198,209.87,157.16,-156.00683181078,"189.712811059908","0.672811059908014",-441027.5,2,"1-12"
"CCJ",29.03,8.41047647565585,30.49,15.34,-20.6195235243441,"32.1671975525047","3.1371975525047",0,0,"1-12"
"CCK",125.76,37.6470410702766,130.42,95.27,-88.1129589297234,"129.802694200637","4.042694200637",-1642633.502,3,"1-12"
"CCL",20.05,65.7465510108561,31.52,14.94,45.6965510108561,"31.5841935483871","11.5341935483871",0,0,"1-12"
"CCO.TO",36.33,8.41047647565585,37.98,19.5,-27.9195235243441,"39.4671975525047","3.1371975525047",0,0,"1-12"
"CDAY",69.02,12.9250207809948,130.37,58.58,-56.0949792190052,"71.4634463348474","2.44344633484741",-1468833.32,46,"45<"
"CDNS",165.63,23.9522836217207,192.7,118.11,-141.677716378279,"169.534998242833","3.90499824283302",5107890.0912,32,"12-45"
"CDW",177.8,28.6063104450072,208.71,162.47,-149.193689554993,"179.637010676157","1.83701067615698",-221744.6,13,"12-45"
"CE",143.68,120.78557282935,176.5,132.26,-22.8944271706505,"148.508828828829","4.82882882882899",26519.0289,6,"1-12"
"CERN",93.49,22.1183184352733,93.87,69.08,-71.3716815647267,"95.4133994958734","1.92339949587341",1091252.94,18,"12-45"
"CF",99.79,39.2326767804875,109.8,43.19,-60.5573232195125,"107.643163781855","7.85316378185499",-20351263.54762,29,"12-45"
"CFG",44.19,82.3104518235787,57,39.555,38.1204518235787,"66.3842090937101","22.1942090937101",-1189380.08,10,"1-12"
"CGNX",78.06,17.0061673983613,92.17,61.51,-61.0538326016387,"79.0947106427444","1.0347106427444",0,0,"1-12"
"CHD",101.36,31.6812829473765,104.84,80.76,-69.6787170526235,"102.323942307692","0.963942307691994",485667.362866,22,"12-45"
"CHKP",139.23,55.0261451769179,149.62,107.85,-84.2038548230821,"141.165231316726","1.935231316726",0,0,"1-12"
"CHRW",103.13,46.7791277376221,112.15,84.67,-56.3508722623779,"105.053375226026","1.92337522602601",0,0,"1-12"
"CHTR",561.68,188.655739373697,825.62,544.59,-373.024260626303,"564.635982668656","2.95598266865602",-497560317.68,3,"1-12"
"CHWY",40.93,0.38415707168369,97.74,35.59,-40.5458429283163,"43.4180831941853","2.4880831941853",-1534972.68,5,"1-12"
"CI",246.25,223.138249285577,272.81,191.74,-23.1117507144228,"261.284234618093","15.034234618093",-69071,3,"1-12"
"CINF",138.07,182.94923698064,138.99,103.8,44.8792369806402,"145.062019643953","6.992019643953",74108.34,2,"1-12"
"CL",76.42,6.44721899899326,85.61,72.2,-69.9727810010067,"77.400785099611","0.980785099610998",0,0,"1-12"
"CLF",32.36,38.3293569320122,33.34,15.81,5.96935693201218,"32.4477864991958","0.0877864991958006",0,0,"1-12"
"CLR",62.9,46.390643495225,65.32,24.51,-16.509356504775,"62.9572584119214","0.0572584119214028",10906590.59,13,"12-45"
"CLX",142.83,20.4058857189045,196.65,127.02,-122.424114281096,"145.335911279743","2.50591127974297",3792731.84,9,"1-12"
"CM.TO",151.37,180.997664560076,167.5,123.26,29.6276645600761,"284.65357579029","133.28357579029",0,0,"1-12"
"CMCSA",47.7,38.1353517901238,61.8,44.27,-9.56464820987615,"49.5673097534834","1.8673097534834",-168097958.55,78,"45<"
"CME",239.82,112.497657851771,256.94,185.79,-127.322342148229,"247.71692134556","7.89692134556",2420617.26,38,"12-45"
"CMG",1594.04,206.517933724169,1958.55,1277.41,-1387.52206627583,"1622.63857598822","28.5985759882201",-1957715.5,4,"1-12"
"CMI",201.03,140.467325224558,273.65,189.5,-60.5626747754417,"218.942923289565","17.912923289565",0,0,"1-12"
"CMS",71.1,57.6394164403803,71.21,57.92,-13.4605835596197,"72.660773480663","1.560773480663",-2078768.1757,21,"12-45"
"CNC",85.51,48.8943356120689,88.61,59.33,-36.6156643879311,"107.724470056696","22.214470056696",6429096.42044,14,"12-45"
"CNHI",15.8,11.8631289997542,19.69,13.21,-3.9368710002458,"20.1857200825593","4.3857200825593",0,0,"1-12"
"CNI",127.81,70.3420624615568,137.19,100.66,-57.4679375384432,"128.988124560664","1.178124560664",0,0,"1-12"
"CNP",31.15,29.3261769889247,31.23,22.7,-1.82382301107526,"31.5276683087028","0.377668308702802",-57340,1,"1-12"
"CNQ",63.06,67.5405536870282,64.1,28.86,4.48055368702818,"63.6895651938452","0.629565193845195",0,0,"1-12"
"CNQ.TO",78.89,67.5405536870282,80.13,36.23,-11.3494463129718,"79.5195651938452","0.629565193845195",0,0,"1-12"
"CNR.TO",159.94,70.3420624615568,171.48,125,-89.5979375384432,"161.118124560664","1.178124560664",0,0,"1-12"
"COF",130.89,308.72253086613,177.95,122.43,177.83253086613,"182.141473014377","51.251473014377",-12090304.42,18,"12-45"
"CONE",90.36,10.4207092521592,90.49,67.85,-79.9392907478408,"93.1549959644875","2.7949959644875",0,24,"12-45"
"COO",428.42,434.975592418753,463.59,368.78,6.55559241875335,"430.341843687375","1.92184368737497",-6682071.15,14,"12-45"
"COP",100.58,68.6080490436005,107.52,47.85,-31.9719509563995,"104.365714124373","3.785714124373",-7959952.9575,13,"12-45"
"COST",575.57,100.392391630114,586.32,356.84,-475.177608369886,"600.906111948797","25.336111948797",-2403813.55,2,"1-12"
"CP",78.2,69.8634265244265,84.22,64.37,-8.33657347557353,"78.3030158256196","0.103015825619593",0,0,"1-12"
"CP.TO",97.84,68.7703603677343,105.46,82.12,-29.0696396322657,"97.9418450184502","0.101845018450192",0,0,"1-12"
"CPB",45.05,27.8211831794861,51.01,39.76,-17.2288168205139,"45.2762295081967","0.226229508196703",0,12,"12-45"
"CPRT",125.68,36.5011622821715,161.12,106.37,-89.1788377178285,"130.042478671605","4.362478671605",0,0,"1-12"
"CPT",171.6,52.5243312887208,180.37,109.23,-119.075668711279,"177.565155744002","5.965155744002",0,0,"1-12"
"CQP",56.57,0,61.91,38,-56.57,"58.3799173553719","1.8099173553719",0,0,"1-12"
"CRL",288.66,93.8935287601787,460.21,251.3,-194.766471239821,"293.350597958192","4.69059795819197",-2532920.5753,11,"1-12"
"CRM",212.25,45.5067039896478,311.75,184.44,-166.743296010352,"217.859856262834","5.609856262834",80786906.5871,100,"45<"
"CSCO",55.66,23.4901102468646,64.29,50.1,-32.1698897531354,"57.8259584513692","2.16595845136921",-267605.7184,8,"1-12"
"CSGP",66,15.6254777457913,101.05,49,-50.3745222542087,"75.7062503962769","9.7062503962769",-1295803.2,6,"1-12"
"CSL",250.19,95.5054066886774,255,167.17,-154.684593311323,"256.310754716981","6.12075471698103",0,0,"1-12"
"CSU.TO",2175.63,128.310655979819,2385.8,1677.44,-2047.31934402018,"2211.63495103468","36.0049510346798",0,0,"1-12"
"CSX",35.51,15.0562928888739,38.63,29.49,-20.4537071111261,"36.5029046563193","0.992904656319304",58515.08,1,"1-12"
"CTAS",423.88,91.5504848531765,461.44,338,-332.329515146823,"428.46317472402","4.58317472402001",-11812183.67,14,"12-45"
"CTLT",114.05,44.6454463534865,142.64,91.17,-69.4045536465135,"119.320588235294","5.270588235294",0,0,"1-12"
"CTSH",90.01,45.7363937612676,93.47,66.19,-44.2736062387324,"93.4168441064639","3.40684410646389",-1236964.815,48,"45<"
"CTXS",101.49,15.5841086288506,144.47,78.07,-85.9058913711494,"105.560941477439","4.07094147743901",0,0,"1-12"
"CU.TO",38.23,28.0821339934187,38.51,33.76,-10.1478660065813,"40.9650227104224","2.73502271042241",0,0,"1-12"
"CUBE",53.27,18.6422935518716,57.34,38.49,-34.6277064481284,"53.3243390777966","0.0543390777965982",0,0,"1-12"
"CVE",16.94,8.75580121303964,17.23,7.16,-8.18419878696036,"18.344821280133","1.404821280133",0,0,"1-12"
"CVE.TO",21.19,14.3652424165762,21.55,8.89,-6.82475758342377,"23.5278631296281","2.3378631296281",0,0,"1-12"
"CVNA",119.46,5.42845057189151,376.83,97.697,-114.031549428108,"121.729144105814","2.26914410581401",2619250,1,"1-12"
"CVS",101.09,87.6148967257642,111.25,73.3,-13.4751032742358,"108.169006772009","7.079006772009",-6265648.95,9,"1-12"
"CVX",164.22,115.436928458464,174.76,92.86,-48.7830715415358,"167.154318098812","2.93431809881201",0,0,"1-12"
"CZR",76.65,47.3591157176548,119.81,67.22,-29.2908842823452,"81.65","5",1549345.12,3,"1-12"
"D",86.33,55.4903024189943,86.39,70.37,-30.8396975810057,"86.6793827160494","0.349382716049405",0,0,"1-12"
"DAL",39.31,10.5459072598502,51.82,29.75,-28.7640927401498,"51.6859750390016","12.3759750390016",0,0,"1-12"
"DAR",83.2,42.6700472735612,85.98,58.7,-40.5299527264388,"83.6123737252837","0.4123737252837",-38305187.04,43,"12-45"
"DD",74.75,118.921835785204,86.28,66.37,44.1718357852038,"78.5943892181227","3.8443892181227",-720369,10,"1-12"
"DE",416.8,159.588158826355,437.98,320.5,-257.211841173645,"442.331847133758","25.531847133758",-20173452,18,"12-45"
"DG",226.3,78.4844167122394,240.14,185.15,-147.815583287761,"227.762304717317","1.46230471731698",63067454.3016,24,"12-45"
"DGE.PA",45.79,8.69367654664469,49.795,35.425,-37.0963234533553,"46.9622814498934","1.1722814498934",0,0,"1-12"
"DGX",136.33,138.272356229736,174.16,125.69,1.94235622973602,"143.306","6.976",8682222.38,18,"12-45"
"DHI",76.18,103.569031837332,110.45,74.47,27.3890318373316,"84.9563805358119","8.7763805358119",-2521086.2096,90,"45<"
"DHR",291.69,113.147677957491,333.96,224.77,-178.542322042509,"295.199771986971","3.50977198697097",0,0,"1-12"
"DIM.PA",380,42.6283747480521,551,287.5,-337.371625251948,"382.42605438293","2.42605438292998",0,0,"1-12"
"DIS",137,34.7175048054313,191.67,128.38,-102.282495194569,"145.730306345733","8.730306345733",11157990.2375,11,"1-12"
"DISCA",25.02,32.2131013194985,45.47,21.66,7.19310131949853,"30.9010240963855","5.8810240963855",0,0,"1-12"
"DISH",32.2,54.9382161047354,47.05,25.84,22.7382161047354,"36.0152661680598","3.8152661680598",0,4,"1-12"
"DLR",145.9,92.9474603683588,178.22,130.1,-52.9525396316412,"146.402812657856","0.502812657855998",0,9,"1-12"
"DLTR",159.43,66.4278361187984,162.13,84.26,-93.0021638812016,"163.717581699346","4.28758169934599",351092734.365,66,"45<"
"DOCU",108.63,3.33310223880669,314.76,71,-105.296897761193,"111.206248627256","2.57624862725601",2212123.2919,31,"12-45"
"DOL.TO",72.42,6.63587403728359,73.37,52.22,-65.7841259627164,"73.8254631866989","1.4054631866989",0,0,"1-12"
"DOV",158.55,71.4877611346826,184.05,137.65,-87.0622388653174,"161.200605060506","2.650605060506",-8185673.741,32,"12-45"
"DOW",64.18,68.2996800358026,71.38,52.07,4.11968003580263,"68.1693190921228","3.9893190921228",196796.025,3,"1-12"
"DOX",83.46,58.0532082516594,83.98,68.33,-25.4067917483406,"88.9445456514341","5.4845456514341",0,0,"1-12"
"DPZ",397.18,192.408748367997,567.57,367.29,-204.771251632003,"401.110875282237","3.93087528223697",11298057.32,19,"12-45"
"DRE",59.23,28.3988720493988,66.22,42.39,-30.8311279506012,"59.4113511377345","0.181351137734502",0,0,"1-12"
"DRI",130.07,48.3988585093025,164.28,116.04,-81.6711414906975,"139.286236722307","9.216236722307",248353.875,2,"1-12"
"DSY.PA",44.34,7.93012945366941,56.82,35.95,-36.4098705463306,"46.576706296588","2.236706296588",0,0,"1-12"
"DTE",134.94,69.05926968726,134.97,108.22,-65.88073031274,"135.084329896907","0.14432989690701",-479170.5,3,"1-12"
"DUK",112.82,85.6146404741041,112.9,95.48,-27.2053595258959,"113.266033810143","0.446033810143007",-1642428.741,7,"1-12"
"DVA",114.15,38.7561422394368,136.48,94.38,-75.3938577605632,"118.351076872703","4.201076872703",14220748.72,19,"12-45"
"DVN",60.35,35.7634860244114,63.26,20.14,-24.5865139755886,"63.4589837997055","3.1089837997055",-9844840.42,10,"1-12"
"DXCM",531.57,28.8214343147877,659.45,318.45,-502.748565685212,"542.037661691542","10.4676616915419",-19560747.4718,71,"45<"
"EA",125.23,42.0449825565783,148.93,117.58,-83.1850174434217,"143.243698630137","18.013698630137",-1407103.4017,5,"1-12"
"EBAY",57.71,84.5686007939311,81.19,49.53,26.8586007939311,"59.8057446808511","2.0957446808511",-15613117.5346,58,"45<"
"EC",18.93,79846.4787692895,19.13,11.52,79827.5487692895,"7096.34714806537","7077.41714806537",0,0,"1-12"
"ECL",180.37,47.3352631422,238.93,154.85,-133.0347368578,"181.614897959184","1.24489795918399",0,0,"1-12"
"ED",96.11,69.7049456519911,96.11,71.17,-26.4050543480089,"98.9114685117198","2.8014685117198",91197.51419,12,"12-45"
"EFX",234.13,63.5536679540767,300.11,180.85,-170.576332045923,"235.947961165049","1.81796116504901",0,0,"1-12"
"EIX",71.04,47.8534379490722,71.07,54.14,-23.1865620509278,"72.0663157894737","1.0263157894737",0,0,"1-12"
"EL",274.41,54.4971795118283,374.2,248.42,-219.912820488172,"287.875507876154","13.465507876154",-33974216.862,25,"12-45"
"ELAN",26.12,18.3608978125427,37.49,24.15,-7.75910218745729,"27.4292550790068","1.3092550790068",-11434415.829132,13,"12-45"
"ELS",79.07,15.7568760719278,88.7,64.16,-63.3131239280722,"79.7102436493442","0.640243649344214",0,0,"1-12"
"EMA.TO",62.92,45.5237471048711,63.71,55.42,-17.3962528951289,"64.5087096774194","1.5887096774194",0,0,"1-12"
"EMN",111.38,79.7315217284718,130.47,98.24,-31.6484782715282,"114.790104011887","3.410104011887",0,0,"1-12"
"EMP-A.TO",43.66,30.9611455613556,45.2,36.2,-12.6988544386444,"46.9667957988312","3.3067957988312",0,0,"1-12"
"EMR",98.42,37.9823758387778,105.99,86.72,-60.4376241612222,"102.33159853772","3.91159853772",-739734.896,5,"1-12"
"EN.PA",31.71,44.1730056887999,37.22,28.53,12.4630056887999,"48.8081469482815","17.0981469482815",0,0,"1-12"
"ENB",46.4,45.561158631186,46.53,36.21,-0.838841368813981,"46.5415841584158","0.141584158415803",0,0,"1-12"
"ENB.TO",58.08,45.4935938877883,58.18,45.76,-12.5864061122117,"58.2212345679012","0.141234567901201",0,0,"1-12"
"ENPH",205.89,9.44954534043029,282.46,108.88,-196.44045465957,"206.840263218675","0.950263218675019",-39018441.7187,22,"12-45"
"ENTG",125.13,29.4569908271381,158,101.16,-95.6730091728619,"128.115567759591","2.98556775959099",-7387358.54,25,"12-45"
"EOG",120.33,83.0376726541791,124.89,62.81,-37.2923273458209,"129.249520547945","8.919520547945",-17025465.7236,77,"45<"
"EPAM",287.04,91.6460609411006,725.4,168.59,-195.393939058899,"311.474994848234","24.434994848234",-20469162,56,"45<"
"EPD",25.86,24.0700101078094,26.18,20.42,-1.78998989219058,"27.1411307035085","1.2811307035085",0,0,"1-12"
"EQIX",763,123.156813761026,885.26,662.26,-639.843186238974,"779.982524014281","16.982524014281",-5316207.51,100,"45<"
"EQR",92.16,48.4236975264766,93.03,70.9,-43.7363024735234,"92.4788472966779","0.318847296677902",0,0,"1-12"
"EQT",36.03,45.2758934063832,36.075,15.71,9.24589340638321,"36.3494101885693","0.3194101885693",-703238.48,5,"1-12"
"ERF.PA",90.94,48.5842917093879,127.68,77.4,-42.3557082906121,"93.7074543501611","2.7674543501611",0,0,"1-12"
"ERIC",9.51,70.7941766421691,14.39,7.57,61.2841766421691,"25.7314885954382","16.2214885954382",0,0,"1-12"
"ES",89.84,58.2036895498566,92.66,78.44,-31.6363104501434,"90.0337303572496","0.193730357249592",-156156,2,"1-12"
"ESS",353.49,124.009501570537,359.49,273.67,-229.480498429463,"354.385865018726","0.895865018725999",-5556085.39,21,"12-45"
"ET",11.52,0,11.59,7.64,-11.52,"11.6426501186348","0.1226501186348",0,0,"1-12"
"ETN",151.81,70.539698325559,175.72,137.56,-81.270301674441,"152.548622233275","0.738622233275009",-905850,7,"1-12"
"ETR",120.09,85.4139041168156,120.24,98.5,-34.6760958831844,"122.280850032971","2.190850032971",-9307992.92,17,"12-45"
"ETSY",127.05,20.7663083586834,307.75,109.38,-106.283691641317,"132.368914098238","5.31891409823801",-6501466.29,15,"12-45"
"EW",123.07,3.07457150896105,131.73,83.8,-119.995428491039,"124.434571790407","1.36457179040701",-9325359.9847,28,"12-45"
"EWBC",78.34,75.6386529530098,93.51,65.87,-2.70134704699024,"111.183286428753","32.843286428753",-7685727.84,8,"1-12"
"EXAS",75.61,39.3230366548214,140.18,56.77,-36.2869633451786,"77.4511128230268","1.8411128230268",0,8,"1-12"
"EXC",47.66,37.1136023746015,48.03,30.527817,-10.5463976253985,"48.8661224489796","1.20612244897961",636176.13,4,"1-12"
"EXPD",100.02,62.3697105122362,137.8,97.37,-37.6502894877638,"110.114551824818","10.094551824818",0,2,"1-12"
"EXPE",198.2,7.2500629421045,217.72,136.77,-190.949937057895,"223.820092234825","25.620092234825",6746.59999999998,9,"1-12"
"EXR",209.57,57.1180553208949,228.84,132.99,-152.451944679105,"210.077984700152","0.507984700152008",-1051249.44,7,"1-12"
"F",16.65,35.0271901589644,25.87,11.14,18.3771901589644,"21.7391972249752","5.0891972249752",-15457166.03,100,"45<"
"FANG",138.44,134.571317260087,147.99,65.93,-3.86868273991274,"142.03046714503","3.59046714503",-2628129.9152,6,"1-12"
"FAST",59.67,13.8384727131333,64.75,48.57,-45.8315272868667,"60.0791460245973","0.409146024597298",0,0,"1-12"
"FB",224.85,118.193768384003,384.33,185.82,-106.656231615997,"230.656575725778","5.806575725778",-394924.1,17,"12-45"
"FCX",50.96,25.0620007762057,51.99,30.02,-25.8979992237943,"56.4039946018893","5.4439946018893",-4247.875,1,"1-12"
"FDS",429.12,80.3627791880067,495.4,306.86,-348.757220811993,"446.798636245787","17.678636245787",-1088425,3,"1-12"
"FDX",221.25,199.007379571917,319.9,199.03,-22.2426204280829,"247.601013232154","26.351013232154",0,0,"1-12"
"FE",46.59,29.0897794973989,46.65,34.29,-17.5002205026011,"49.2725688073394","2.68256880733939",-148480.5,1,"1-12"
"FFIV",209.17,69.0876037991704,249,174.34,-140.08239620083,"218.531989783586","9.36198978358601",-1328508.4269,36,"12-45"
"FHN",23.55,25.2801799295243,24.24,14.67,1.73017992952431,"53.169926199262","29.619926199262",-1254998.765,25,"12-45"
"FIS",103.37,34.2156510110241,155.96,85,-69.1543489889759,"106.606714975845","3.23671497584499",-3224809.670395,85,"45<"
"FISV",102.99,46.1816660698998,127.34,89.91,-56.8083339301002,"104.236826937435","1.246826937435",-2000400,6,"1-12"
"FITB",41.8,54.0484803775862,50.64,34.35,12.2484803775862,"46.0922761966476","4.29227619664761",-153850.24,2,"1-12"
"FLT",249.6,89.9163093653746,295.36,200.78,-159.683690634625,"267.756947298008","18.156947298008",-11329259.71,9,"1-12"
"FM.TO",44.42,19.9163658012986,44.48,20.67,-24.5036341987014,"47.1236224759888","2.7036224759888",0,0,"1-12"
"FMC",131.13,55.2468321143724,136.63,87.27,-75.8831678856276,"131.180391112558","0.0503911125580032",-866122.57,13,"12-45"
"FMX",83,283.959225559706,89.59,69.53,200.959225559706,"355.221465748727","272.221465748727",0,0,"1-12"
"FNF",46.96,80.0348232029084,56.44,41.45,33.0748232029084,"60.5740350877193","13.6140350877193",0,0,"1-12"
"FNV",163.67,53.0491467501075,168.37,124.95,-110.620853249892,"166.538617021277","2.868617021277",0,0,"1-12"
"FNV.TO",204.76,52.1885902094202,216.32,158.27,-152.57140979058,"207.576187989556","2.816187989556",0,0,"1-12"
"FOXA",39.36,38.9856241803766,44.95,34.16,-0.37437581962341,"49.2524369747899","9.8924369747899",27696.6,21,"12-45"
"FTNT",339.01,20.0176894157064,371.77,186.19,-318.992310584294,"346.90407540395","7.89407540395001",-537612,19,"12-45"
"FTS.TO",62.73,50.3237858380039,62.74,54.32,-12.4062141619961,"63.0078956300382","0.277895630038202",0,0,"1-12"
"FTV",60.63,32.6964740445714,79.87,56.06,-27.9335259554286,"62.9555747942095","2.32557479420949",1045721.8306,20,"12-45"
"FWONA",63.27,20.839079133397,63.8669,37.8,-42.430920866603,"71.5718443656039","8.30184436560389",-14805280.58,33,"12-45"
"GD",242.51,129.195840603596,254.99,180.88,-113.314159396404,"248.222758374911","5.712758374911",123353992.864,93,"45<"
"GDDY",84.7,3.9747770975564,90.43,65.699,-80.7252229024436,"92.0387685923848","7.3387685923848",-508290.4918,2,"1-12"
"GE",92.49,70.0356422911748,116.17,85.29,-22.4543577088252,"106.85247723133","14.36247723133",-20955860.99,52,"45<"
"GGG",70.74,24.218175750118,81.09,66.41,-46.521824249882,"74.3120530513692","3.57205305136921",0,0,"1-12"
"GIB",79.31,58.8868971775592,93.93,77.25,-20.4231028224408,"86.0238706370663","6.71387063706629",0,0,"1-12"
"GILD",59.67,43.2507117831813,74.12,57.19,-16.4192882168187,"63.899793977813","4.229793977813",51571789.76,44,"12-45"
"GIS",68.85,36.3601521027622,69.95,56.67,-32.4898478972377,"71.2812712001292","2.4312712001292",0,0,"1-12"
"GLOB",257.61,44.6533759867564,354.62,202.58,-212.956624013244,"268.965417529331","11.355417529331",0,0,"1-12"
"GLPI",47.12,26.2722538087888,51.46,41.81,-20.8477461912112,"50.1873154666407","3.0673154666407",-1935489.24,3,"1-12"
"GLW",36.36,27.0881523106485,46.82,33.93,-9.27184768935154,"38.8461111111111","2.4861111111111",-1423830.35,9,"1-12"
"GM",42.96,79.9252455359633,67.21,39.75,36.9652455359633,"56.638936605317","13.678936605317",0,0,"1-12"
"GME",165,51.0724932954037,344.66,77.58,-113.927506704596,"182.512396694215","17.512396694215",10661687.1119,17,"12-45"
"GNE.PA",83,70.2836835240122,102.9,77.26,-12.7163164759878,"97.4133439963441","14.4133439963441",0,0,"1-12"
"GNRC",301,82.2262688482316,524.31,251.74,-218.773731151768,"303.293092375738","2.29309237573801",-5115516.935,6,"1-12"
"GOLD",24.94,18.5188409558172,26.07,17.27,-6.42115904418283,"27.9079595278246","2.9679595278246",0,0,"1-12"
"GOOG",2814,985.5109455756,3042,2151.62,-1828.4890544244,"2844.9599582569","30.9599582568999",-75603970.4486,100,"45<"
"GOOGL",2803.01,982.71818483415,3030.93,2145.21,-1820.29181516585,"2833.9171913634","30.9071913633998",-75603970.4486,100,"45<"
"GPC",125.93,58.5765936411465,142.97,115.19,-67.3534063588535,"130.885595925697","4.955595925697",-1342145.73,5,"1-12"
"GPN",139.78,80.9423713365668,220.81,116.75,-58.8376286634332,"146.546703019073","6.76670301907299",-63995,1,"1-12"
"GRMN",116.11,63.4899812817796,178.81,106.66,-52.6200187182204,"123.870229586154","7.760229586154",0,6,"1-12"
"GS",330.22,667.632535779947,426.16,318.55,337.412535779947,"1071.06586999716","740.84586999716",0,0,"1-12"
"GWO.TO",36.54,48.1780792933219,41.5,33.51,11.6380792933219,"43.0886288762207","6.5486288762207",0,0,"1-12"
"GWW",517.55,127.776459029984,527.06,391.16,-389.773540970015,"522.166858237548","4.61685823754806",0,0,"1-12"
"H",94.76,40.5755607819222,108.1,67.7,-54.1844392180778,"103.993367180677","9.23336718067699",27291668.36,100,"45<"
"H.TO",34.2,25.7080781542438,34.28,29.13,-8.49192184575625,"35.0994631089711","0.899463108971098",0,0,"1-12"
"HAL",38.58,16.5936467217579,39.38,17.82,-21.9863532782421,"41.9849217002237","3.4049217002237",-4657282.82,12,"12-45"
"HAS",84.45,39.0636757472887,105.73,81.16,-45.3863242527113,"91.5401225666907","7.0901225666907",-183794.19,3,"1-12"
"HBAN",14.44,23.3157875138273,17.79,13.01,8.87578751382732,"20.2551425762045","5.8151425762045",-128495,1,"1-12"
"HCA",250.75,39.5579370537364,272.26,185.21,-211.192062946264,"255.163661361756","4.413661361756",-3099418,1,"1-12"
"HD",301.89,23.7586631283692,420.61,298.4,-278.131336871631,"304.104555765595","2.21455576559504",41076077.65,35,"12-45"
"HEI",156.35,29.0839229041623,156.85,122.94,-127.266077095838,"157.135599257185","0.785599257184998",-8594165.5355,6,"1-12"
"HES",108.99,28.7401162430869,110.72,61.93,-80.2498837569131,"117.741612903226","8.751612903226",-88722482,96,"45<"
"HLT",150.71,9.86394319829162,160.96,114.7,-140.846056801708,"155.788291814947","5.07829181494699",-24246856.03,14,"12-45"
"HOLX",76.93,51.8512820388789,81.04,60.1,-25.0787179611211,"81.4362493742925","4.50624937429249",2603944.28,14,"12-45"
"HON",196.03,70.9288716266858,236.86,174.42,-125.101128373314,"211.898809730669","15.868809730669",-173322.45,3,"1-12"
"HPE",16.29,29.8643352258805,17.76,12.99,13.5743352258805,"19.2765470852018","2.9865470852018",234258.12,6,"1-12"
"HPQ",35.6,13.1120850575093,40.37,26.11,-22.4879149424907,"39.1854879065888","3.5854879065888",-4404318.3,11,"1-12"
"HRC",155.96,48.9682401424883,156.22,93.34,-106.991759857512,"160.026001466034","4.06600146603398",0,0,"1-12"
"HRL",52.42,22.0674502066126,53.19,40.48,-30.3525497933874,"53.5404390226086","1.1204390226086",-6704544.35279,22,"12-45"
"HSIC",89.34,49.786753017991,89.48,67.97,-39.553246982009,"90.1720695760124","0.832069576012401",-5137527.878,86,"45<"
"HST",19.55,1.77755250026662,20.25,14.67,-17.7724474997334,"20.6861396592989","1.1361396592989",0,0,"1-12"
"HSY",218.77,47.7702372807748,218.91,156.87,-170.999762719225,"220.412899887898","1.64289988789798",-3136053.2068,26,"12-45"
"HTHT",35.06,36.5380441791585,61.51,21.98,1.47804417915854,"52.5362682883332","17.4762682883332",0,0,"1-12"
"HUBB",185.55,79.6347082728276,212.54,170.76,-105.915291727172,"190.778519195612","5.22851919561199",0,0,"1-12"
"HUBS",490.93,27.6394315326223,866,378.88,-463.290568467378,"499.353553857497","8.42355385749698",-4526613.29,35,"12-45"
"HUM",441.41,253.135037222336,475.44,351.2,-188.274962777664,"467.639558873536","26.229558873536",8330.17,2,"1-12"
"HZNP",107.15,33.2342278778352,120.54,83.42,-73.9157721221648,"113.855336733377","6.705336733377",-18315051.5501,25,"12-45"
"IBKR",66.77,41.4942629283982,82.83,56.95,-25.2757370716018,"90.966724563653","24.196724563653",-28105313.99,49,"45<"
"IBM",130.15,55.1520561074262,146.11855,114.56,-74.9979438925738,"137.500982315249","7.35098231524898",962408.04,12,"12-45"
"ICE",132.7,80.879394395352,139.79,109.04,-51.820605604648,"133.772438162544","1.07243816254402",-6330241.173,8,"1-12"
"ICLR",246.63,78.5710050723791,313,193.25,-168.058994927621,"257.680854486458","11.050854486458",0,0,"1-12"
"IDXX",553.44,39.9122898975876,706.95,460.36,-513.527710102412,"555.108599547198","1.66859954719791",0,1,"1-12"
"IEX",192.16,70.0508640515082,240.33,181.66,-122.109135948492,"203.356335078534","11.196335078534",909984.95,1,"1-12"
"IFF",134.33,46.6115194437595,157.08,113.4,-87.7184805562405,"137.272386831276","2.942386831276",3911.14224000001,4,"1-12"
"IGM.TO",44.09,49.9041288098862,51.68,38.45,5.81412880988615,"49.4747653727413","5.3847653727413",0,0,"1-12"
"ILMN",363.9,89.2744734712751,526,302.79,-274.625526528725,"371.952287581699","8.05228758169903",-126161.44,1,"1-12"
"IMO.TO",61.58,48.8778463455799,61.96,30.64,-12.7021536544201,"64.602363855711","3.02236385571101",0,0,"1-12"
"INCY",79.94,40.6173704704107,88.26,61.91,-39.3226295295893,"89.2092622655772","9.2692622655772",29430769.6823,13,"12-45"
"INFO",108.61,40.2304963598083,135.82,90.99,-68.3795036401917,"109.340376277099","0.730376277098998",0,0,"1-12"
"INFY",24.61,5.84035825699545,26.39,17.24,-18.7696417430045,"25.2814136968526","0.6714136968526",0,0,"1-12"
"INTC",48.11,50.849776220813,68.49,43.63,2.73977622081303,"49.2913509544787","1.1813509544787",-310555.32,3,"1-12"
"INTU",483.93,79.2516658702508,716.86,385.66,-404.678334129749,"493.314615384615","9.38461538461502",-28162549.933,14,"12-45"
"INVH",41.04,13.1565975598397,45.8,32.07,-27.8834024401603,"42.0946079678962","1.0546079678962",0,0,"1-12"
"IP",46.3,48.5906950764859,61.808712,40.45,2.2906950764859,"49.6002038735984","3.30020387359841",0,0,"1-12"
"IPG",35.46,22.0947224590348,39.98,29.1,-13.3652775409652,"43.6390895447724","8.1790895447724",-1470036.96,2,"1-12"
"IQV",240.31,59.9039158579075,285.61,199,-180.406084142092,"247.450616832201","7.140616832201",0,0,"1-12"
"ISRG",305.54,59.8785408676795,369.69,250.07,-245.66145913232,"309.059356597601","3.51935659760096",0,0,"1-12"
"IT",299.46,30.2726398875919,369,185.27,-269.187360112408,"308.238363136336","8.778363136336",-721269.6,2,"1-12"
"ITUB",5.85,31.0298652436517,5.87,3.6,25.1798652436517,"28.1303979624909","22.2803979624909",0,0,"1-12"
"ITW",210.15,47.1178366181357,249.81,202.8,-163.032163381864,"215.003782581055","4.85378258105499",0,0,"1-12"
"IVZ",23.31,51.4521013930926,29.71,18.42,28.1421013930926,"27.9214690721649","4.6114690721649",208416165.9776,11,"1-12"
"JBHT",181.51,69.5145222166922,218.18,155.11,-111.995477783308,"184.854391978328","3.34439197832802",-163949.44,2,"1-12"
"JCI",66.49,35.8872477113072,81.77,59.53,-30.6027522886928,"68.3427250034669","1.8527250034669",-790903.52,21,"12-45"
"JD",59.09,85.6117490842392,92.69,41.56,26.5217490842392,"105.927196526981","46.837196526981",0,0,"1-12"
"JKHY",200.42,41.0888625946508,200.62,147.5,-159.331137405349,"201.09398027968","0.673980279680023",-2693991.6852,6,"1-12"
"JLL",236.61,227.486343219476,275.77,174.69,-9.12365678052427,"248.039616510088","11.429616510088",-9847800,18,"12-45"
"JNJ",178.19,70.8462164390298,180.21,155.72,-107.34378356097,"183.607726252805","5.41772625280501",-6829707.82532,49,"45<"
"JNPR",36.83,15.2909639363765,38.14,24.93,-21.5390360636235,"39.616167321051","2.786167321051",-6389047.4006,57,"45<"
"JPM",135.31,189.960138326185,172.96,127.27,54.6501383261847,"383.761941780133","248.451941780133",-67483454.152977,50,"45<"
"K",65.61,32.6999999683548,68.6,59.54,-32.9100000316452,"66.4422446230239","0.832244623023897",-17995415.922,5,"1-12"
"KER.PA",575.3,247.029066776809,798,523.8,-328.270933223191,"617.285587857224","41.985587857224",0,0,"1-12"
"KEY",21.66,33.8717468010665,27.17,17.9,12.2117468010665,"22.6136104548294","0.953610454829398",-122575.32,1,"1-12"
"KEYS",158.4,47.6743183930102,209.08,134.65,-110.72568160699,"169.432258064516","11.032258064516",-328087.3,12,"12-45"
"KHC",39.93,27.3725178556202,44.95,32.785,-12.5574821443798,"42.717216828479","2.787216828479",-3687128.99,2,"1-12"
"KIM",24.79,27.0843574134474,25.62,18.8,2.29435741344743,"25.4444247484772","0.654424748477201",0,0,"1-12"
"KKR",59.78,76.3410116206923,83.9,50.55,16.5610116206923,"77.7106520956096","17.9306520956096",0,0,"1-12"
"KL.TO",49.71,45.175475339418,58.43,40.07,-4.53452466058196,"53.6519202253714","3.9419202253714",0,0,"1-12"
"KLAC",360.27,81.5609942622542,457.12,285.89,-278.709005737746,"369.499527075278","9.22952707527804",-7513459.1,4,"1-12"
"KMB",125.03,13.5993883885707,145.79,117.32,-111.430611611429,"125.828344175044","0.798344175043994",0,0,"1-12"
"KMI",19.22,15.5158158704457,19.29,15.01,-3.70418412955432,"19.722867225408","0.502867225408",-54517.5,2,"1-12"
"KMX",98.49,52.4838844281574,155.98,95.04,-46.0061155718426,"99.2912874470881","0.8012874470881",0,0,"1-12"
"KO",62.87,16.4676870195365,63.02,52.28,-46.4023129804635,"65.0992817679558","2.2292817679558",-13770695.4668,11,"1-12"
"KOF",56,783.655116259424,59.07,46.17,727.655116259424,"56","0",0,0,"1-12"
"KR",57.48,23.4803915777693,62.58,35.6,-33.9996084222307,"59.759098873592","2.27909887359201",-52519072.209,100,"45<"
"KSU",293.59,79.9878176100988,315.39,196.38,-213.602182389901,"295.585440810051","1.99544081005104",0,0,"1-12"
"L.TO",110.88,62.1548849042439,116.88,67.74,-48.7251150957561,"116.438368495077","5.558368495077",0,0,"1-12"
"LAMR",118.3,32.2150582570461,124.32,94.56,-86.0849417429539,"119.284085541558","0.984085541558002",-154995.7214,3,"1-12"
"LBRDA",133.94,75.0523687827639,188.76,128.82,-58.8876312172361,"135.049968276409","1.10996827640901",14412392.93,13,"12-45"
"LBTYA",25.95,160.362066621325,30.58,23,134.412066621325,"27.5615545566363","1.6115545566363",-14349537.975,78,"45<"
"LDOS",108.3,60.4712424497989,109.62,81.07,-47.8287575502011,"113.383916083916","5.08391608391601",-32010069.2507,95,"45<"
"LEN",82.33,148.232942241815,117.54,79.52,65.9029422418151,"91.8379141934812","9.5079141934812",0,0,"1-12"
"LH",263.17,242.411551086056,317.17,249.7,-20.7584489139437,"278.274615384615","15.104615384615",-6188235.38,20,"12-45"
"LHX",253.17,145.191823352217,279.71,200.71,-107.978176647783,"257.951504065041","4.78150406504099",0,2,"1-12"
"LI",27.24,18.5978633584071,37.45,15.98,-8.64213664159292,"57.2987240917335","30.0587240917335",0,0,"1-12"
"LKQ",45.2,40.4805262556385,60.43,42.36,-4.71947374436155,"46.1296301948217","0.929630194821698",0,0,"1-12"
"LLY",292.67,37.0257408208377,295.33,178.58,-255.644259179162,"296.858416781747","4.18841678174698",-360303969.517,35,"12-45"
"LMT",445.98,140.930621975705,479.99,324.23,-305.049378024295,"458.851428571429","12.871428571429",-637819.3514,4,"1-12"
"LNC",65.67,136.036828911764,77.57,56.41,70.3668289117635,"79.7062777162881","14.0362777162881",0,0,"1-12"
"LNG",142.09,45.9070295661195,149.42,70.51,-96.1829704338805,"147.626277602524","5.536277602524",-1446177.0708,1,"1-12"
"LNT",63.29,38.0931873938175,63.3,53.8,-25.1968126061825,"63.4455644196251","0.155564419625101",0,0,"1-12"
"LOW",202.4,0,263.31,182.08,-202.4,"204.020886981402","1.62088698140198",-36140.8,9,"1-12"
"LR.PA",87.14,32.4226668006759,104.45,78.18,-54.7173331993241,"97.5123440377165","10.3723440377165",0,0,"1-12"
"LRCX",525.45,160.31335196254,731.85,466.06,-365.13664803746,"555.853681530416","30.403681530416",-22542308.24,25,"12-45"
"LSI",144.19,55.5145353955869,154.45,87.06,-88.6754646044131,"146.376355078364","2.18635507836402",-2966315,6,"1-12"
"LSXMA",45.89,31.4302248496593,56.26,40,-14.4597751503407,"47.6960261638769","1.8060261638769",-14805280.58,33,"12-45"
"LULU",367.44,65.0648145232106,485.83,278,-302.375185476789,"383.799032940835","16.359032940835",-10658764.28,28,"12-45"
"LUV",45.91,25.5579267359891,64.75,36.75,-20.3520732640109,"66.4701317957166","20.5601317957166",0,0,"1-12"
"LVS",39.52,8.59883989611409,64.33,31.26,-30.9211601038859,"41.9467015706806","2.4267015706806",0,0,"1-12"
"LYB",103.34,115.688281046098,118.02,84.17,12.3482810460978,"107.747185628743","4.40718562874299",-416035.14,12,"12-45"
"LYV",114.37,13.6714736976556,127.75,74.01,-100.698526302344,"136.196274662601","21.826274662601",-53170222.92,54,"45<"
"MA",363.97,38.6839769851756,401.5,305.61,-325.286023014824,"371.496369168357","7.52636916835695",-569765.9366,3,"1-12"
"MAA",213.32,73.8311860578543,231.63,144.29,-139.488813942146,"213.791252896406","0.471252896406014",119589.36,5,"1-12"
"MAR",173.68,18.0718043019191,184.99,127.23,-155.608195698081,"177.910185241421","4.230185241421",-489768.06,6,"1-12"
"MAS",51.55,5.3145996259296,71.06,50.47,-46.2354003740704,"55.2392430278884","3.6892430278884",0,0,"1-12"
"MCD",249.25,37.4015402806064,271.15,217.68,-211.848459719394,"255.515566790846","6.26556679084601",0,0,"1-12"
"MCHP",73.97,12.475865833294,90,64.26,-61.494134166706,"74.4873688100517","0.517368810051707",0,0,"1-12"
"MCK",307,9.11875309940448,310.48,180.42,-297.881246900595,"346.090909090909","39.090909090909",-1112947.38,3,"1-12"
"MCO",340.33,62.5283153914312,407.94,299.69,-277.801684608569,"349.9681053752","9.63810537520004",-1392998.55964,19,"12-45"
"MDB",454.45,32.3185518047742,590,238.01,-422.131448195226,"461.588572808738","7.13857280873799",-11271522.38,31,"12-45"
"MDLZ",63.53,36.5461031784426,69.47,57.63,-26.9838968215574,"66.0079874213836","2.4779874213836",0,0,"1-12"
"MDT",112.52,48.0301501459845,135.89,98.38,-64.4898498540155,"115.173618906942","2.653618906942",-706820,2,"1-12"
"MELI",1224.13,34.1627627051545,1970.13,858.99,-1189.96723729485,"1276.24157566955","52.1115756695499",173665.9175,5,"1-12"
"MET",70.5,115.632163726638,72.55,55.21,45.1321637266385,"93.5584311019094","23.0584311019094",-50391.65,9,"1-12"
"MG.TO",80.45,63.8057667561596,126,70.16,-16.6442332438404,"89.8176517318081","9.3676517318081",0,0,"1-12"
"MGA",64.33,66.7986520231651,104.28,54.6,2.46865202316513,"74.0657992073976","9.7357992073976",0,0,"1-12"
"MGM",41.87,27.3606113349313,51.17,35.72,-14.5093886650687,"51.5827495017709","9.7127495017709",0,41,"12-45"
"MGP",39.34,25.3016306069869,43.19,33.43,-14.0383693930131,"39.3932825376668","0.0532825376667958",-341440.89,8,"1-12"
"MKC",101.92,32.3786045297838,107.35,77.85,-69.5413954702162,"103.222592592593","1.302592592593",38994543.19184,100,"45<"
"MLM",385.06,162.878063743283,446.46,329.69,-222.181936256717,"389.187795527157","4.12779552715699",-205467.52,1,"1-12"
"MMC",171.68,55.1425529118514,175.12,123.45,-116.537447088149,"175.142450592885","3.46245059288501",-9252418.83,9,"1-12"
"MMM",149.69,77.3251470558219,208.95,139.74,-72.3648529441781,"157.487710575773","7.79771057577301",0,0,"1-12"
"MMP",49.61,0,53.85,43.58,-49.61,"49.6707192900514","0.0607192900514022",-822077.6077,2,"1-12"
"MNST",82.15,26.9688110541982,99.89,71.78,-55.1811889458018,"84.6251350494015","2.4751350494015",6766417.23,54,"45<"
"MO",52.71,5.18708215930007,53.96,42.53,-47.5229178406999,"55.1903493449782","2.4803493449782",0,0,"1-12"
"MOH",339.41,107.667306137654,347.62,229.69,-231.742693862346,"415.273247863248","75.863247863248",-1821673,4,"1-12"
"MOS",65.88,51.9334201896679,71.5,28.26,-13.9465798103321,"67.8880897703549","2.0080897703549",-12344757.55,53,"45<"
"MPC",84.81,125.248097537459,87.1,50.19,40.4380975374594,"93.498013136289","8.688013136289",-4060224.44,3,"1-12"
"MPLX",33.42,28.1263984642777,34.59,25.64,-5.29360153572232,"31.9467770204479","-1.4732229795521",0,0,"1-12"
"MPW",21.54,18.7552291302627,24.13,19.39,-2.78477086973734,"22.3088123618831","0.7688123618831",-13239510,5,"1-12"
"MPWR",463.6,56.6177553026432,580,301.53,-406.982244697357,"467.555216082922","3.95521608292199",0,0,"1-12"
"MRK",83.52,41.8504434458754,91.4,69.51336,-41.6695565541246,"86.72","3.2",89999.996805,4,"1-12"
"MRK.PA",75.3,41.8498738078895,80,58.31,-33.4501261921105,"78.499956443913","3.19995644391301",0,0,"1-12"
"MRO",25.75,19.1632727007478,26.22,9.7,-6.58672729925217,"26.4860406091371","0.736040609137099",-26937732.8835,29,"12-45"
"MRU.TO",71.57,43.1822159584276,72.85,55.5,-28.3877840415724,"73.3383458944863","1.7683458944863",0,0,"1-12"
"MRVL",71.07,0,93.85,40.79,-71.07,"71.9368026177912","0.866802617791208",-4087665.48,9,"1-12"
"MSCI",516,19.8133421037853,679.85,428.97,-496.186657896215,"533.007454114719","17.0074541147191",-735718.84,1,"1-12"
"MSFT",309.42,58.6232935643997,349.67,238.07,-250.7967064356,"310.964164037855","1.54416403785501",-3344226.50016,9,"1-12"
"MSI",238.14,6.22668662272142,273.65,184.55,-231.913313377279,"249.163529411765","11.023529411765",-43524800.2587,100,"45<"
"MT",32.84,112.761648334795,37.87,26.59,79.9216483347953,"36.6742105263158","3.83421052631579",0,0,"1-12"
"MTB",164.66,212.697647173325,186.95,128.46,48.0376471733248,"500.109189516505","335.449189516505",0,0,"1-12"
"MTCH",109.02,4.07433777049673,182,84.2,-104.945662229503,"111.592586929841","2.57258692984101",0,3,"1-12"
"MTD",1371.63,74.4576223428077,1714.75,1180,-1297.17237765719,"1375.83178850123","4.20178850122988",-18605277.63,24,"12-45"
"MTN",259.31,53.143670457529,376.24,221.38,-206.166329542471,"289.778355050456","30.468355050456",0,0,"1-12"
"MU",76.18,67.9601810661133,98.45,65.67,-8.21981893388671,"82.9836809815951","6.80368098159509",-440382.2,4,"1-12"
"MXIM",103.14,25.0643902703683,108.61,63.74,-78.0756097296317,"111.599342420036","8.45934242003599",0,0,"1-12"
"NDAQ",181.92,78.7756369049625,214.96,150.06,-103.144363095038,"184.254248711242","2.33424871124203",-1800000,2,"1-12"
"NDSN",227.93,80.8771187375254,272.28,197.2,-147.052881262475,"233.037297306501","5.10729730650098",-3908.47,2,"1-12"
"NEE",85.71,27.866424329886,93.73,69.79,-57.843575670114,"86.0340036507454","0.324003650745411",-317986.55,10,"1-12"
"NEM",82.78,30.0830686037525,83.02,52.6,-52.6969313962475,"89.02","6.23999999999999",-3232830.36,7,"1-12"
"NFLX",373.47,96.4682722601173,700.99,329.82,-277.001727739883,"386.720104962356","13.250104962356",0,0,"1-12"
"NI",32.08,24.3179290551788,32.09,23.48,-7.76207094482116,"32.2756774343481","0.195677434348099",29178.09246,1,"1-12"
"NICE",223.32,56.7466143770867,319.88,199.32,-166.573385622913,"229.358207622389","6.038207622389",0,0,"1-12"
"NIO",21.93,48.1247355397337,55.13,13.01,26.1947355397337,"213.919873907394","191.989873907394",0,0,"1-12"
"NKE",133.52,25.7852031389261,179.1,116.75,-107.734796861074,"139.664525910277","6.144525910277",0,0,"1-12"
"NLY",7.06,18.6430580452544,9.64,6.45,11.5830580452544,"7.99946459511694","0.939464595116941",0,0,"1-12"
"NOC",454.79,282.455886262481,490.82,322.9,-172.334113737519,"476.797481296758","22.007481296758",-1826791.2,1,"1-12"
"NOK",5.55,4.4861663200655,6.4,3.99,-1.0638336799345,"6.74217777435679","1.19217777435679",0,0,"1-12"
"NOKIA.PA",5.033,4.4861663200655,5.76,3.418,-0.546833679934498,"6.22517777435679","1.19217777435679",0,0,"1-12"
"NOW",548.69,21.9740102125233,707.6,448.27,-526.715989787477,"557.202315270936","8.51231527093591",-4236864.2918,38,"12-45"
"NSC",265.84,123.805247723516,299.2,238.62,-142.034752276484,"269.245032467532","3.40503246753201",-185856.16,5,"1-12"
"NTAP",82.2,15.1093228250251,96.82,72.04,-67.0906771749749,"102.23982300885","20.03982300885",-1513016.8,2,"1-12"
"NTES",95.81,287.626876511518,120.84,68.62,191.816876511518,"117.740698955179","21.930698955179",0,0,"1-12"
"NUAN",55.99,3.36582729234903,56,40.75,-52.624172707651,"56.625824827132","0.635824827131998",0,37,"12-45"
"NUE",149.26,159.726824544577,157.69,75.6,10.4668245445772,"157.382417156674","8.122417156674",-2468191.865,18,"12-45"
"NVDA",267.12,30.517049224296,346.47,134.59,-236.602950775704,"267.128333202358","0.00833320235801693",-75449898.56,20,"12-45"
"NVR",4531.41,2552.4376323644,5982.45,4466.07,-1978.9723676356,"5198.28406063747","666.87406063747",1384250,1,"1-12"
"NWSA",21.93,13.2340948643016,27.97,20.05,-8.6959051356984,"25.7006576728499","3.7706576728499",0,0,"1-12"
"NXPI",182.02,62.405301296,239.91,168.74,-119.614698704,"192.558271053269","10.538271053269",24039.45,1,"1-12"
"O",70.9,34.338300999852,72.55,62.5,-36.561699000148,"71.5234276731872","0.623427673187194",0,0,"1-12"
"ODFL",278.5,80.1854523120051,373.58,242.31,-198.314547687995,"282.482059537542","3.982059537542",0,0,"1-12"
"OKE",71.43,31.9147112293734,72.37,48.51,-39.5152887706266,"71.7572016504136","0.327201650413599",-2017950,1,"1-12"
"OKTA",148.79,69.1498517703289,287.44,135.46,-79.6401482296711,"150.481862431385","1.691862431385",-3710212.9736,100,"45<"
"OMC",82.7,52.8539579030227,91.61,65.76,-29.8460420969773,"107.379665738162","24.679665738162",-152821.89,2,"1-12"
"ON",59.63,24.850197258537,71.26,34.01,-34.779802741463,"62.9234015096177","3.29340150961769",-3581855.67,8,"1-12"
"ORCL",82.01,13.6671158817739,106.34,70.23,-68.3428841182261,"91.9696293845136","9.95962938451359",0,1,"1-12"
"ORLY",667.43,26.2164025466621,710.86,506.51,-641.213597453338,"672.659823801271","5.2298238012711",0,0,"1-12"
"OTEX",42.61,19.6384009437546,55.25,40.59,-22.9715990562454,"48.4872556576556","5.8772556576556",0,0,"1-12"
"OTEX.TO",53.31,19.6384009437546,69.79,51.87,-33.6715990562454,"59.1872556576556","5.8772556576556",0,0,"1-12"
"OXY",58.11,35.471968815238,63.24,21.62,-22.638031184762,"61.1185991074344","3.0085991074344",5640520718.5298,35,"12-45"
"PANW",611.11,30.3706395166403,635.89,322.23,-580.73936048336,"630.551908713693","19.441908713693",-38840651.458,34,"12-45"
"PAYC",350.98,34.2636199104125,558.97,283.91,-316.716380089587,"355.757075098814","4.77707509881401",0,0,"1-12"
"PAYX",138.87,23.706935409617,140.67,92.74,-115.163064590383,"141.618412040873","2.74841204087301",0,0,"1-12"
"PBR",15.1,27.0121385743013,15.2173,7.91,11.9121385743013,"16.7048510432137","1.6048510432137",0,0,"1-12"
"PBR-A",14.14,27.0121385743013,14.36,8.03,12.8721385743013,"15.7448510432137","1.6048510432137",0,0,"1-12"
"PCAR",85.22,62.7707838928507,97.56,77.96,-22.4492161071493,"95.0601262916188","9.8401262916188",0,4,"1-12"
"PCG",12.27,3.58737579297735,13.19,8.24,-8.68262420702265,"12.3531234256927","0.0831234256927011",-563870.4,2,"1-12"
"PCTY",209.83,16.0490638186866,314.495,154.26,-193.780936181313,"213.422700470651","3.59270047065098",-20055290.89,40,"12-45"
"PDD",42.65,91.436405520491,152.06,23.21,48.786405520491,"47.1491112688588","4.4991112688588",0,0,"1-12"
"PEG",71.06,28.7873537285711,71.09,58.96,-42.2726462714289,"72.6830158730159","1.6230158730159",40546.0205,2,"1-12"
"PEP",169.76,37.9442953343691,177.24,141.24,-131.815704665631,"173.788797696184","4.028797696184",0,0,"1-12"
"PFE",51.57,34.9441116126504,61.71,35.76,-16.6258883873496,"51.9105746320953","0.340574632095297",-2789366.511,10,"1-12"
"PFG",73.89,93.4588534971176,80.36,58.66,19.5688534971176,"82.6536226982337","8.7636226982337",28556.8,28,"12-45"
"PFPT",175.9,22.2591707509005,175.99,91.6,-153.640829249099,"191.779544344428","15.879544344428",0,0,"1-12"
"PG",155.09,48.5959887884534,165.35,130.29,-106.494011211547,"159.045401768551","3.95540176855098",0,7,"1-12"
"PH",282.2,140.809639106224,340,268.51,-141.390360893776,"287.803393013881","5.60339301388103",-153267.625,1,"1-12"
"PHM",42.37,69.8470126730226,63.91,41.83,27.4770126730226,"49.2145415653566","6.8445415653566",-294622.4,1,"1-12"
"PINS",24.81,7.52391229524742,88.83,21.92,-17.2860877047526,"27.1063407493198","2.2963407493198",-4416504.7448,15,"12-45"
"PKG",155.76,87.3908024206734,158.47,124.78,-68.3691975793266,"162.2968129134","6.53681291340001",0,0,"1-12"
"PKI",171.57,96.9009427698508,203.16,126.75,-74.6690572301492,"176.469509186167","4.89950918616699",-1110452.58,9,"1-12"
"PLD",165.8,73.6982147763682,169.93,107.77,-92.1017852236318,"166.527002594958","0.72700259495798",-203628,4,"1-12"
"PLTR",13.83,2.63656029857688,29.29,9.74,-11.1934397014231,"14.9960964317258","1.1660964317258",0,0,"1-12"
"PLUG",28.34,12.3687360424043,46.5,17.51,-15.9712639575957,"32.7852673378713","4.4452673378713",0,0,"1-12"
"PM",96.78,29.2299211944585,112.48,85.64,-67.5500788055415,"99.6676043673732","2.8876043673732",0,0,"1-12"
"PODD",279.02,6.65850381565131,324.81,193.7,-272.361496184349,"290.39045921372","11.37045921372",0,0,"1-12"
"POOL",425.03,98.7587304110226,582.27,351.87,-326.271269588977,"425.627699737043","0.597699737043001",4655.2,1,"1-12"
"POW.TO",38.65,384.39380081357,44.53,32.9,345.74380081357,"114.613381277562","75.963381277562",0,0,"1-12"
"PPD",47.28,4.70928725246565,47.41,31.54,-42.5707127475344,"49.4952709672209","2.2152709672209",0,0,"1-12"
"PPG",134.01,60.0935872521036,182.97,111.32,-73.9164127478964,"138.211505016722","4.201505016722",126200.768968,20,"12-45"
"PPL",29.02,28.0206299679059,30.72,25.27,-0.999370032094095,"33.6890785663013","4.6690785663013",0,0,"1-12"
"PPL.TO",47.6,36.3498762602052,48.04,36.19,-11.2501237397948,"47.6780399274047","0.0780399274046957",0,0,"1-12"
"PRU",118.4,267.817010767273,124.22,92.18,149.417010767273,"151.437682645476","33.037682645476",-22854.4300000001,36,"12-45"
"PSA",396.51,115.791994290572,400.45,250.58,-280.718005709428,"400.688463761191","4.17846376119098",-2602336.75,12,"12-45"
"PSTG",35.12,5.45441052919489,36.709,16.79,-29.6655894708051,"36.7507392560567","1.6307392560567",-11650710.5184,11,"1-12"
"PSX",85.96,54.117729162114,94.34,63.19,-31.842270837886,"93.106360737935","7.14636073793501",0,7,"1-12"
"PTC",106.77,40.0304674658025,153.73,100.6,-66.7395325341975,"109.528640499464","2.75864049946401",0,0,"1-12"
"PWR",131.62,53.4004712523002,137.72,84.4,-78.2195287476998,"133.207599789334","1.58759978933401",-28132178.97,41,"12-45"
"PXD",253.15,135.823485341254,260,133.73,-117.326514658746,"268.988837167993","15.838837167993",-17268085.775,15,"12-45"
"PYPL",116.67,38.4537759782242,310.16,92.25,-78.2162240217758,"121.048264532435","4.378264532435",-4100013.6087,3,"1-12"
"QCOM",146.99,39.7829019975668,193.58,122.17,-107.207098002433,"153.183211488251","6.19321148825099",-223787.46,22,"12-45"
"QGEN",49.4,26.2129995863357,58,41.32,-23.1870004136643,"53.1947714559073","3.7947714559073",0,0,"1-12"
"QRVO",121.51,77.6631843305386,201.68,117.03,-43.8468156694614,"133.559027720314","12.049027720314",0,0,"1-12"
"QSR",58.22,16.4311352092924,71.12,53.47,-41.7888647907076,"60.0573613071113","1.8373613071113",0,0,"1-12"
"QSR.TO",72.84,20.950026014552,87.32,68.17,-51.889973985448,"75.1826724137931","2.3426724137931",0,0,"1-12"
"RACE",221.08,34.7462167030244,278.78,178.87,-186.333783296976,"228.353281170525","7.273281170525",0,0,"1-12"
"RCI",57.13,38.0486307780955,57.19,44.19,-19.0813692219045,"58.5458415841584","1.4158415841584",0,0,"1-12"
"RCL",83.66,96.3214118545259,98.27,61.45,12.6614118545259,"94.2671146741627","10.6071146741627",-3049502.8061,10,"1-12"
"RDS-A",51.04,71.5485063091691,56.13,36.32,20.5085063091691,"60.5250941556776","9.4850941556776",0,0,"1-12"
"RDSA.AS",22.795,35.7742531545845,24.165,15.168,12.9792531545845,"27.5375470778388","4.7425470778388",0,0,"1-12"
"RE",307.1,451.756487549781,308.2,234.87,144.656487549781,"343.7593985345","36.6593985345",78995.865,3,"1-12"
"REG",71.84,41.1589671884116,78.78,56.46,-30.6810328115884,"72.3854028846942","0.545402884694198",-302275.395,7,"1-12"
"REGN",694.83,552.476561101406,710.21,469.8,-142.353438898594,"720.548360071301","25.7183600713009",-86498702.59,77,"45<"
"REXR",77.3,26.6742005514587,81.68,51.42,-50.6257994485413,"77.614023085048","0.314023085048007",0,0,"1-12"
"RGEN",188.02,40.8540931488298,327.32,156.28,-147.16590685117,"198.56439089131","10.54439089131",344483.04,4,"1-12"
"RHI",113.63,39.1459560465474,125.77,77.62,-74.4840439534526,"113.675367297515","0.0453672975149999",0,11,"1-12"
"RI.PA",199.25,79.3836577980981,217.2,161.4,-119.866342201902,"207.155406417667","7.905406417667",0,0,"1-12"
"RJF",108.94,78.4298045738424,117.37,81.96,-30.5101954261576,"143.035643939394","34.095643939394",0,0,"1-12"
"RKT",11.04,20.2185583508951,23.43,10.07,9.17855835089513,"31.0951972588035","20.0551972588035",343860.29,9,"1-12"
"RMD",246.44,38.1971707578324,301.34,187.09,-208.242829242168,"248.456223856443","2.01622385644299",-4270164.2225,10,"1-12"
"RNG",121.17,18.4507279544777,337.34,98.91,-102.719272045522,"124.079912755552","2.909912755552",113578,8,"1-12"
"ROK",284.48,73.6650943167092,354.99,250.65,-210.814905683291,"290.134995730145","5.654995730145",-505507.75,2,"1-12"
"ROKU",125.56,29.2694213840967,490.761,97.91,-96.2905786159033,"140.708396250388","15.148396250388",-2183273.9934,13,"12-45"
"ROP",476.95,164.457044580088,505,412.2,-312.492955419912,"480.250469483568","3.30046948356801",0,0,"1-12"
"ROST",90.61,35.5976840686765,134.22,84.44,-55.0123159313235,"104.49071423133","13.88071423133",-8915441.58,13,"12-45"
"RPRX",39.36,13.3591463508165,47.1,34.86,-26.0008536491835,"41.653861187234","2.293861187234",-7985285.0751,10,"1-12"
"RS",184.77,219.843687166978,198.44,135.46,35.0736871669781,"189.439774669775","4.66977466977499",0,9,"1-12"
"RSG",133.25,50.7096636799201,145.98,100.29,-82.5403363200799,"133.340795241077","0.0907952410769894",0,0,"1-12"
"RTX",100.17,53.4738492776042,104.34,76.07,-46.6961507223958,"105.390637248367","5.220637248367",-1289942.38,9,"1-12"
"RY.TO",137.32,132.515982343828,149.6,114.91,-4.80401765617171,"274.338712493372","137.018712493372",0,0,"1-12"
"SAN.PA",94.14,78.2258842514428,96.29,80.95,-15.9141157485572,"102.195201021059","8.05520102105901",0,0,"1-12"
"SAP",110.63,58.1389947751916,151.48,104.14,-52.4910052248084,"118.17336711255","7.54336711255",0,0,"1-12"
"SAP.TO",29.7,23.2373948803432,42.42,26.21,-6.46260511965679,"30.4503912371455","0.7503912371455",0,0,"1-12"
"SBAC",350.6,48.0085112136126,391.15,274.6,-302.591488786387,"353.917567994797","3.317567994797",-981222.56012,78,"45<"
"SBUX",91.49,19.0021391449912,126.32,78.92,-72.4878608550088,"96.9355504006748","5.4455504006748",0,10,"1-12"
"SCCO",78.17,32.2825059473152,83.29,54.92,-45.8874940526848,"82.0530681671194","3.8830681671194",-26228250,11,"1-12"
"SCI",67.01,35.0560045595479,71.71,50.99,-31.9539954404521,"68.5890940193047","1.57909401930469",-782948.7,7,"1-12"
"SE",121.1,23.2527273128957,372.7,85.01,-97.8472726871043,"133.956887557167","12.856887557167",0,0,"1-12"
"SEDG",322.83,42.5155113925457,389.71,199.33,-280.314488607454,"332.30789161258","9.47789161258004",-3106316.11,19,"12-45"
"SGEN",148.89,37.4114181389594,192.79,117.46,-111.478581861041,"151.842030410909","2.952030410909",-339144.19,21,"12-45"
"SHOP",693,225.983501120375,1762.918,510.02,-467.016498879625,"713.933329224154","20.933329224154",0,0,"1-12"
"SHW",255.21,38.5191844277575,354.15,233.32,-216.690815572243,"255.830366903781","0.62036690378099",71298.85,1,"1-12"
"SIRI",6.59,2.16877089554489,7.29,5.75,-4.42122910445511,"6.6361018585566","0.0461018585566002",-4841963.515,8,"1-12"
"SIVB",547.75,448.294198468911,763.22,474.2,-99.4558015310886,"797.557761316451","249.807761316451",0,0,"1-12"
"SJM",137.51,112.605004756278,145.82,118.55,-24.904995243722,"140.484199288256","2.97419928825602",37456.76,1,"1-12"
"SJR",31.1,22.9734107311819,31.42,26.27,-8.12658926881812,"31.8029702970297","0.702970297029697",0,0,"1-12"
"SLB",41.69,17.9738523985831,46.27,24.52,-23.7161476014169,"42.9238483146067","1.2338483146067",-2603413.196,28,"12-45"
"SNA",203.7,163.015390371199,259.99,197.75,-40.6846096288006,"217.881818181818","14.181818181818",0,0,"1-12"
"SNAP",37.39,4.08026007142939,83.34,24.32,-33.3097399285706,"38.6511333830076","1.2611333830076",-2732719.147,6,"1-12"
"SNOW",234.81,62.0626057458036,405,164.29,-172.747394254196,"242.476863192608","7.66686319260799",-99989596.1851,14,"12-45"
"SNPS",334.98,62.2146147058896,377.6,225.02,-272.76538529411,"344.086648023389","9.10664802338897",0,0,"1-12"
"SO",74.12,36.8172447233207,74.19,60.12,-37.3027552766793,"75.8035205992509","1.6835205992509",-14316136.06,20,"12-45"
"SPG",133,39.6933442189682,171.12,111.3,-93.3066557810318,"134.624787367742","1.62478736774199",10770.75,13,"12-45"
"SPGI",407.88,48.8098197979226,484.21,359.41,-359.070180202077,"434.760430285478","26.880430285478",-4194941.61,9,"1-12"
"SPLK",147.87,16.029132017819,176.66,105.45,-131.840867982181,"158.104903605811","10.234903605811",-7988788.98,21,"12-45"
"SPOT",153.7,6.65556401716645,305.6,118.2,-147.044435982834,"167.84845373359","14.14845373359",0,0,"1-12"
"SQ",133.62,7.63317022983698,289.23,82.72,-125.986829770163,"142.475828960558","8.855828960558",0,2,"1-12"
"SQM",88.75,10.574781609076,88.87,40.53,-78.175218390924,"90.6704126124012","1.92041261240119",0,0,"1-12"
"SRE",170.34,89.0698174663595,170.59,119.56,-81.2701825336405,"172.12573710372","1.78573710372001",-4996048.52,3,"1-12"
"SSNC",75.13,41.2150690812506,84.85,68.15,-33.9149309187494,"77.2399887766554","2.1099887766554",0,0,"1-12"
"STE",248,69.138756738646,249.06,188.1,-178.861243261354,"250.567358960628","2.56735896062801",-984000,3,"1-12"
"STLD",84.99,105.470511992853,89.69,49.53,20.4805119928526,"91.0824047470943","6.09240474709431",-16728302.51,29,"12-45"
"STM",42.76,22.7559016587114,52.15,34.16,-20.0040983412886,"46.3650498451686","3.6050498451686",0,0,"1-12"
"STM.PA",38.655,22.7559016587114,46.335,28.25,-15.8990983412886,"42.2600498451686","3.6050498451686",0,0,"1-12"
"STT",85.81,111.314044907111,104.87,76.92,25.504044907111,"381.896740115958","296.086740115958",0,1,"1-12"
"STX",89.42,17.8479464937601,117.67,78.01,-71.5720535062399,"94.354693877551","4.934693877551",-5256061.97,2,"1-12"
"STZ",233.71,127.766582938284,258,207.35,-105.943417061716,"236.068326335839","2.358326335839",0,0,"1-12"
"SU",32.77,38.1729927665921,34.09,17.1,5.40299276659213,"34.2149541284404","1.44495412844039",0,0,"1-12"
"SU.TO",41.02,39.1478407001476,43.12,21.9,-1.87215929985243,"42.5008596373405","1.48085963734049",0,0,"1-12"
"SUI",181.17,66.7859387966082,211.79,150.55,-114.384061203392,"181.727270140253","0.557270140253024",-6419700.72,21,"12-45"
"SWK",140.9,136.133843771825,225,136.62,-4.76615622817468,"141.812992987341","0.912992987340999",-2216739.805126,47,"45<"
"SWKS",132.03,80.8909045171527,204,118.99,-51.1390954828473,"137.316826347305","5.28682634730501",-1400000,1,"1-12"
"SYK",269.05,68.8020813210047,281.16,236.09,-200.247918678995,"276.791256902445","7.741256902445",-8187125.76,38,"12-45"
"SYY",82.41,8.38015181597383,89.22,68.05,-74.0298481840262,"88.2655023020237","5.85550230202371",-1062974.9,13,"12-45"
"T",23.98,38.3037077099153,33.88,22.02,14.3237077099153,"26.9270973131004","2.9470973131004",-1361308.986868,5,"1-12"
"T.TO",33.31,18.6079493374932,33.81,25.35,-14.7020506625068,"33.31","0",0,0,"1-12"
"TAP",52.42,80.3702898498742,61.48,42.46,27.9502898498742,"55.360036900369","2.940036900369",-496185.98,7,"1-12"
"TCOM",24.55,142.497113072901,42.04,14.29,117.947113072901,"59.8244482547742","35.2744482547742",0,0,"1-12"
"TD.TO",99.47,99.1523675656942,109.08,80.68,-0.31763243430575,"191.260516239695","91.790516239695",0,0,"1-12"
"TDG",667.04,114.373820436654,688.03,552.72,-552.666179563346,"749.009178082192","81.969178082192",-10325632.2454,26,"12-45"
"TDOC",73.77,137.468230543183,194.99,50.08,63.6982305431834,"83.6417004870299","9.8717004870299",-1878054.294,100,"45<"
"TDY",474.3,236.493249416956,478.09,391.28,-237.806750583044,"486.825065963061","12.525065963061",0,0,"1-12"
"TEAM",305.75,8.60914084771618,483.13,207.83,-297.140859152284,"309.431635219622","3.68163521962202",0,0,"1-12"
"TECH",433.27,57.3492385541322,543.85,347.88,-375.920761445868,"438.187891460613","4.91789146061302",0,0,"1-12"
"TECK",42.19,72.0983792279819,43.18,19.32,29.9083792279819,"44.8602844311377","2.6702844311377",0,0,"1-12"
"TECK-B.TO",52.85,72.3828176957233,54.04,24.36,19.5328176957233,"55.4911253007588","2.6411253007588",0,0,"1-12"
"TEL",131.82,70.481628225768,166.44,125.48,-61.338371774232,"135.432612612613","3.61261261261302",-27100.32,4,"1-12"
"TER",116.37,46.054248005697,168.91,102.51,-70.315751994303,"122.500827897422","6.13082789742199",0,5,"1-12"
"TEVA",9.39,8.96808000621849,11.72,7.24,-0.421919993781511,"11.3671689497717","1.9771689497717",-1269177.4717,82,"45<"
"TFII.TO",125.6,61.910624245384,148.63,92.38,-63.689375754616,"125.802397852216","0.202397852216009",0,0,"1-12"
"TFX",354.82,137.74601652132,449.38,289,-217.07398347868,"364.232396641783","9.412396641783",0,0,"1-12"
"TGT",210.54,91.7302101071136,268.98,184,-118.809789892886,"222.537158514309","11.997158514309",-31804367.2904,90,"45<"
"TJX",60.89,17.4791420526622,77.35,57.92,-43.4108579473378,"66.0161625269716","5.1261625269716",-14055710,19,"12-45"
"TMO",592.34,212.636658982201,672.34,438.72,-379.703341017799,"603.560551378446","11.220551378446",-98517.6,2,"1-12"
"TMUS",130.76,59.9270799615399,150.2,101.51,-70.8329200384601,"136.502371322482","5.742371322482",-2653881.28,9,"1-12"
"TOTS3.SA",36.79,10.4014194087194,41.24,23.96,-26.3885805912806,"41.8309396556258","5.0409396556258",0,0,"1-12"
"TOU.TO",59.32,73.7309786571291,59.71,23.07,14.4109786571291,"59.32","0",0,0,"1-12"
"TRGP",77.34,7.73145873684049,77.77,30.6,-69.6085412631595,"78.022601205857","0.682601205856997",-1795626.6196,5,"1-12"
"TRI",108.02,84.7167840010572,123.6,89.6,-23.3032159989427,"109.582148598136","1.56214859813601",0,0,"1-12"
"TRI.TO",135.15,85.2796112146589,156.62,111.72,-49.8703887853411,"136.723292040228","1.57329204022798",0,0,"1-12"
"TRMB",72.78,26.3986549828669,96.49,62.32,-46.3813450171331,"74.0709235037654","1.2909235037654",1033935.28,37,"12-45"
"TROW",152.86,109.341044079684,224.56,133.07,-43.5189559203158,"159.447802768166","6.587802768166",120204.61249,11,"1-12"
"TRP",57.11,40.6976856984361,58.31,44.77,-16.4123143015639,"57.8259574468085","0.715957446808503",0,0,"1-12"
"TRP.TO",71.46,39.317394199928,73.17,57.71,-32.142605800072,"72.1509650924025","0.690965092402507",0,0,"1-12"
"TRU",100.6,58.1571363961035,125.35,83.47,-42.4428636038965,"110.185848074922","9.58584807492201",-41160,2,"1-12"
"TRV",185.25,192.452557180125,187.98,144.44,7.20255718012501,"188.631775333857","3.38177533385701",0,0,"1-12"
"TS",30.69,29.1508873619332,31.49,18.8,-1.53911263806677,"31.2289530357795","0.5389530357795",0,0,"1-12"
"TSCO",226.71,57.6005706049225,241.54,170.82,-169.109429395078,"234.186668142648","7.47666814264798",0,0,"1-12"
"TSLA",1084.59,63.778541979197,1243.49,546.98,-1020.8114580208,"1100.774375","16.184375",-7803130.011,24,"12-45"
"TSM",102.79,1040.23271973102,145,97.62,937.442719731022,"102.79","0",0,0,"1-12"
"TSN",91.04,96.0261418044182,100.72,69.88,4.98614180441815,"97.9084931506849","6.8684931506849",-2349348.252,4,"1-12"
"TT",154.85,59.2720655024154,207.06,142.53,-95.5779344975846,"163.731941587824","8.881941587824",-1831779.7958,1,"1-12"
"TTD",72.33,4.70067227539531,114.09,46.71,-67.6293277246047,"73.8694668081979","1.5394668081979",-190820,8,"1-12"
"TTWO",151.88,57.9775868147928,195.83,133.54,-93.9024131852072,"164.173371578656","12.293371578656",0,0,"1-12"
"TU",26.62,18.6079493374932,26.645,20.2,-8.01205066250682,"26.62","0",0,0,"1-12"
"TWLO",169.5,104.662489110862,412.68,123.05,-64.8375108891379,"179.584285206798","10.084285206798",-790955.5666,22,"12-45"
"TWTR",39.31,7.65798936234087,73.34,31.3,-31.6520106376591,"42.0852979269186","2.7752979269186",-161350,2,"1-12"
"TXN",182.08,52.4177203031203,202.26,161.04,-129.66227969688,"187.043558413719","4.963558413719",61250.904,2,"1-12"
"TXT",73.03,47.2407931244125,79.45,56.52,-25.7892068755875,"82.3807067137809","9.35070671378089",-3933582.659,11,"1-12"
"TYL",443.94,72.5775430907425,557.55,384.38,-371.362456909257,"451.385239127294","7.44523912729403",-279830.28,3,"1-12"
"U",98.92,31.5146356192515,210,73.12,-67.4053643807485,"105.131433580628","6.211433580628",60182623.43,18,"12-45"
"UAL",45.78,47.8039419511815,61.34,30.54,2.02394195118147,"104.408441688023","58.628441688023",-5906.77,19,"12-45"
"UDR",58.98,11.5736130824661,61.06,43.2,-47.4063869175339,"58.9832787774602","0.00327877746020278",0,0,"1-12"
"UHS",144.18,137.032477465435,165,116.23,-7.14752253456493,"145.527178893991","1.34717889399099",25463830.93,10,"1-12"
"ULTA",388.22,103.561692189886,422.43,299.77,-284.658307810114,"395.850397114467","7.63039711446697",6420317.484,17,"12-45"
"UNH",512.59,176.594034893169,521.89,360.55,-335.995965106831,"534.832455775234","22.242455775234",7666275.4,18,"12-45"
"UNP",259.96,67.3101927337971,278.94,195.68,-192.649807266203,"261.373635694301","1.41363569430104",-13378578.26016,16,"12-45"
"UPS",206.64,74.1569335074419,233.72,171.11,-132.483066492558,"218.413823191734","11.773823191734",14282241.659035,14,"12-45"
"URI",354,188.013105589476,414.99,285.59,-165.986894410524,"355.975308641975","1.975308641975",1681818.852,40,"12-45"
"USB",52.9,65.7351613877684,63.57,52.44,12.8351613877684,"72.0423841059603","19.1423841059603",-2309560.5,26,"12-45"
"V",226.36,47.8990984792718,252.67,186.67,-178.460901520728,"233.895191956124","7.53519195612398",-5119036.14,12,"12-45"
"VALE",20.83,12.2134234016884,23.18,11.16,-8.6165765983116,"23.4590904759336","2.6290904759336",0,0,"1-12"
"VEEV",216.76,35.1201848933037,343.96,166.48,-181.639815106696,"223.840357365055","7.08035736505502",-2444146.1,10,"1-12"
"VER",51.12,25.5074436753081,52.53,34.76,-25.6125563246919,"53.5230762041321","2.40307620413211",0,0,"1-12"
"VFC",56.54,13.5912588089188,90.79,51.02,-42.9487411910812,"58.6203527482588","2.0803527482588",943046.3,2,"1-12"
"VICI",28.92,32.8358396991005,33.35,26.23,3.91583969910048,"30.3676440122855","1.4476440122855",100145.25,2,"1-12"
"VIV",11.61,58.6593725883468,11.64,7.62,47.0493725883468,"15.4291061905763","3.8191061905763",0,0,"1-12"
"VIV.PA",11.91,90.023832176338,33.48,10,78.113832176338,"14.8275067940738","2.9175067940738",0,0,"1-12"
"VLO",101.27,48.2504081862651,103.09,58.85,-53.0195918137349,"111.397764127764","10.127764127764",0,0,"1-12"
"VMC",184.18,74.9671754661591,213.65,163,-109.212824533841,"185.943668430335","1.763668430335",0,0,"1-12"
"VMW",114.21,14.2657351981122,172,107.57,-99.9442648018878,"124.939137132596","10.729137132596",0,3,"1-12"
"VRSK",214.12,39.9606209924527,231.57,167.37,-174.159379007547,"215.81549236569","1.69549236569",-862350.5,3,"1-12"
"VRTX",266.15,88.7865097678604,267.13,176.36,-177.36349023214,"291.947658278789","25.797658278789",-2032417.73,5,"1-12"
"VTR",62.84,9.26595669635119,64.02,45.44,-53.5740433036488,"63.2376727941079","0.397672794107898",-8595253.826,15,"12-45"
"VTRS",10.82,40.2364633176405,16.29,9.66,29.4164633176405,"11.9863339986693","1.1663339986693",-4566771.178,100,"45<"
"VZ",52.12,48.6735461113355,59.85,49.69,-3.44645388866453,"52.8252148720425","0.705214872042504",-5643642.37361,59,"45<"
"W",111.11,22.796674767146,343.804,100.57,-88.313325232854,"128.283862709766","17.173862709766",1066010.42,12,"12-45"
"WAB",95.44,59.5943061325527,100.05,76.3,-35.8456938674473,"97.924243697479","2.484243697479",-637395.72,19,"12-45"
"WAT",308.58,38.5495768446435,428.22,286.34,-270.030423155356,"317.701110648252","9.121110648252",0,1,"1-12"
"WBA",43.86,42.320181783867,57.05,43.18,-1.53981821613301,"48.632622345337","4.772622345337",-1218893.68,1,"1-12"
"WCN",139.73,37.4574938522132,141.22,109.61,-102.272506147787,"140.2891504269","0.559150426900004",10999.9171737,1,"1-12"
"WDAY",237.93,7.00202150019345,307.81,205.9,-230.927978499807,"243.969683976822","6.039683976822",-80075164.2264,71,"45<"
"WDC",48.39,46.1403246840084,78.19,43.85,-2.24967531599162,"59.2961488673139","10.9061488673139",-2377847.29,3,"1-12"
"WEC",101.13,56.7586113691188,101.19,86.84,-44.3713886308812,"101.181500789889","0.0515007898890047",136020.16345,2,"1-12"
"WELL",97.82,27.7990729779316,98.47,70.74,-70.0209270220683,"98.4651207153074","0.645120715307414",0,10,"1-12"
"WES",24.96,0,27.29,17.97,-24.96,"25.4237748706245","0.463774870624498",0,0,"1-12"
"WFC",48.71,73.2372050760656,60.3,39.06,24.5272050760656,"105.366668763001","56.656668763001",-4914520.96205,51,"45<"
"WHR",172.44,222.377628621487,257.68,169.25,49.9376286214873,"220.528467614534","48.088467614534",0,0,"1-12"
"WLK",123.64,147.899961389479,127.21,78.06,24.2599613894786,"138.441454545455","14.801454545455",-13253643.536,58,"45<"
"WLTW",231.56,267.228752239592,271.87,199.78,35.6687522395923,"266.842823529412","35.282823529412",0,0,"1-12"
"WM",159.81,40.3339512614989,168.04,129.7,-119.476048738501,"160.087581745472","0.277581745471991",-10564116.829,4,"1-12"
"WMB",33.83,16.2699971425144,34.39,23.21,-17.5600028574856,"35.2125282986261","1.3825282986261",-627681.3,11,"1-12"
"WMG",36.98,0.878543576546452,50.23,29.34,-36.1014564234535,"37.9320394737468","0.952039473746801",-1802200,5,"1-12"
"WMT",151.01,57.320200134976,152.57,132.01,-93.689799865024,"156.272032085562","5.262032085562",-562116755.5478,57,"45<"
"WN.TO",153.42,54.8026651541364,159.83,108,-98.6173348458636,"173.286844207723","19.866844207723",0,0,"1-12"
"WPC",81.91,47.9243429563391,83.6,70.15,-33.9856570436609,"82.856165300884","0.946165300884005",0,0,"1-12"
"WPM",48.87,18.0086381634543,50.34,36.39,-30.8613618365457,"49.2981178483347","0.428117848334701",0,0,"1-12"
"WPM.TO",61.13,23.1004491174537,64.63,45.76,-38.0295508825463,"61.6368034913154","0.506803491315395",0,0,"1-12"
"WRB",67.31,44.5940868444813,67.58,47.13333,-22.7159131555187,"72.9180479430631","5.6080479430631",0,0,"1-12"
"WRK",47.19,55.9868622417887,62.03,40.78,8.7968622417887,"48.277476635514","1.087476635514",-1384876.88,3,"1-12"
"WSM",141.9,0.296349531700173,223.32,127.85,-141.6036504683,"152.656283600025","10.756283600025",-4512627.78,22,"12-45"
"WSO",304.2,102.711943559323,318.98,252.5,-201.488056440677,"307.266324393361","3.06632439336101",-2667327.04,7,"1-12"
"WSP.TO",162.69,60.5270391698266,187.94,121.16,-102.162960830173,"170.623161887845","7.93316188784499",0,0,"1-12"
"WST",417.03,79.7977856413581,475.35,285.29,-337.232214358642,"427.090686015831","10.060686015831",-2936777.8642,14,"12-45"
"WTRG",52.59,21.9363594202396,53.93,44.71,-30.6536405797604,"52.59","0",0,0,"1-12"
"WTW",237.46,273.010143514007,271.87,199.78,35.5501435140066,"273.506153846154","36.046153846154",0,0,"1-12"
"WY",38.02,33.6456286105789,43.04,32.65,-4.37437138942109,"40.5323713228658","2.5123713228658",-87288.43,1,"1-12"
"XEL",72.75,44.9430325440574,72.94,61.16,-27.8069674559426,"73.0643939393939","0.314393939393895",0,7,"1-12"
"XLNX",194.92,26.530879706444,239.79,111.84,-168.389120293556,"200.738605422503","5.81860542250303",0,0,"1-12"
"XLRN",178.75,31.4663550068402,189.99,111.75,-147.28364499316,"190.262059859155","11.512059859155",0,0,"1-12"
"XOM",83.12,69.1620898443201,91.51,52.1,-13.9579101556799,"84.711377005454","1.59137700545399",0,1,"1-12"
"XRAY",49.25,31.5277644978725,69.54,47.4,-17.7222355021275,"50.7965328467153","1.5465328467153",13779156.25633,53,"45<"
"XYL",86.23,30.8734031203981,138.78,82.03,-55.3565968796019,"93.678923246825","7.44892324682499",-2038036.4483,4,"1-12"
"YUM",118.82,57.0381118849773,139.85,109.95,-61.7818881150227,"120.403061889251","1.58306188925101",0,2,"1-12"
"YUMC",44.09,32.14574796806,69.67,33.55,-11.94425203194,"46.9158706467662","2.8258706467662",0,16,"12-45"
"Z",48.93,35.5784647204996,147.86,44.797,-13.3515352795004,"60.5963941603231","11.6663941603231",123376277.0388,26,"12-45"
"ZBH",127.73,51.6826013600693,175.1068,105.31068,-76.0473986399307,"130.041594202899","2.311594202899",-4295247.7078,8,"1-12"
"ZBRA",413.73,140.273545382011,615,375.63,-273.456454617989,"419.888041497966","6.158041497966",-66149.16,1,"1-12"
"ZEN",123.81,13.6150063739718,155.62,87.9,-110.194993626028,"127.94140402638","4.13140402638",-1701052.8833,72,"45<"
"ZG",47.89,35.5784647204996,150.13,44.08,-12.3115352795004,"59.5563941603231","11.6663941603231",123376277.0388,26,"12-45"
"ZM",118.02,47.1209030807211,406.48,94.51,-70.8990969192789,"121.584982759115","3.564982759115",-24317180.8745,88,"45<"
"ZNGA",9.21,2.65645459557945,11.37,5.57,-6.55354540442055,"10.1777419354839","0.967741935483899",-2907204.3,100,"45<"
"ZS",246.21,13.0172146176058,376.11,157.03,-233.192785382394,"248.243836082976","2.03383608297599",-5641712.1133,4,"1-12"
"ZTO",25.78,90.6101467830349,34.82,19.72,64.8301467830349,"37.9903315669002","12.2103315669002",0,0,"1-12"
"ZTS",191.11,30.3463032921789,249.27,155.41,-160.763696707821,"198.385857817786","7.27585781778598",-603840,3,"1-12"
