"Symbol","freeCashFlowGrowth","revGrowth1Yr","revGrowth2Yr","netIncomeGrowth1Yr","netIncomeGrowth2Yr","debt_repayment","employeeGrowth"
"AAPL","0.266993798132625","0.165237929073827","0.319925905302378","0.00379737591888466","0.133369364575412","-8.75e+09","comingSoon"
"MSFT","0.240615466242207","0.133494871733854","0.246844358907239","0.0553579020743908","0.160893692252452","-3.75e+09","comingSoon"
"GOOGL","0.564129496067035","0.0582505296017265","0.164075582559958","-0.112648335906777","-0.0239131695184985","-2.1435e+10","comingSoon"
"GOOG","0.564129496067035","0.0799367035518967","0.226134769474105","-0.114315661896808","0.0149600802809306","-2.1435e+10","comingSoon"
"AMZN","-1.5680450547755","0.113796318222646","0.260958211739765","2.37533722383407","2.74940532559046","-2.0668e+10","comingSoon"
"TSLA","0.28952239911144","-0.121490933355629","-0.0336400266986233","-0.455997363652836","-0.401597100380504","-1.4615e+10","comingSoon"
"NVDA","0.732424371538134","-0.237470567065468","-0.181285782603849","-0.433145394688269","-0.394983627461034","-1e+09","comingSoon"
"FB","0.65521327014218","0.0346383841124745","0.138102222523722","-0.0494072102362205","0.0456520686817374","-6.77e+08","comingSoon"
"TSM","-0.0937167259257144","-0.762188686118009","-0.774165196685736","0.00354243654063152","0.0346293882703892","-2.6e+09","comingSoon"
"V","0.496496290189613","0.125358456751711","0.237894302426882","0.0243921481601819","0.126831362846235","-3e+09","comingSoon"
"UNH","-0.011628484818367","0.0726343220423945","0.179897754245933","-0.101331524790281","-0.0114646774081574","-3.15e+09","comingSoon"
"JNJ","-0.0213482589528951","-0.0176033165555852","0.0806363517781925","-0.0907800934955456","0.00014189706868474","-2.992e+09","comingSoon"
"WMT","-0.570902750871755","0.143416438968562","0.257758082864546","-0.49284088268851","-0.442124971037812","-1.301e+10","comingSoon"
"JPM","1.97714929295457","0.0676973036693101","0.174467034030489","-0.206089321202466","-0.126698253362023","-5.4932e+10","comingSoon"
"PG","0.0875087229588276","0.0922638715021414","0.201490258651042","0.0597756553893471","0.165753220816441","-4.987e+09","comingSoon"
"MA","0.327348066298343","0.0414584939631434","0.145604343359458","-0.059188849199954","0.0348922656843559","-6.5e+08","comingSoon"
"XOM","14.792272379495","0.052005916495598","0.157206508142628","-1.75237523172743","-1.82761275490451","-3.2387e+10","comingSoon"
"BAC","-1.18932434922223","0.0558765462390448","0.161464200857338","-0.13331205506911","-0.0466432606479455","-4.6826e+10","comingSoon"
"CVX","11.7679758308157","0.119464725010604","0.231411197505238","0.00846367648","0.109310044032","-1.7384e+10","comingSoon"
"BABA","0.394761168753374","-0.587641362825862","-0.59919978152739","-0.648776128803677","-0.65482982446971","-7.061e+09","comingSoon"
"HD","-0.144785051294577","-0.103738864352958","-0.0141127507955305","-0.164144137954117","-0.08055855187732","-1.532e+09","comingSoon"
"PFE","1.60170513262143","-0.379625033510481","-0.397653848956796","-0.405661305518904","-0.421145725328723","-9.6e+07","comingSoon"
"ABBV","0.309708159618821","0.0723282381621795","0.179561061978397","0.0729488621556056","0.180243748223878","-9.414e+09","comingSoon"
"LLY","0.205122469522425","0.0774595725747217","0.185205529832194","0.180527013812996","0.298579714782235","-1905400000","comingSoon"
"ASML","1.73119554428146","0.259439122024609","0.420711851700607","-0.0498926326067451","0.0800597707640612","-1.2e+07","comingSoon"
"KO","0.298950040383062","-0.0462665863148364","0.0491067550381581","-0.231389694606489","-0.154528664210419","-1.2866e+10","comingSoon"
"AVGO","0.148560096568374","0.109634121092896","0.220597533187614","0.201930072595012","0.322123079572447","-1.1495e+10","comingSoon"
"COST","-0.112543381259296","0.0955861710109274","0.205144788106916","-0.165569612143","-0.0821265737966846","-9.4e+07","comingSoon"
"DIS","-0.446885428253615","0.232610903289923","0.40866863545344","0.406970057142857","0.630892860150376","-3.737e+09","comingSoon"
"ABEV3.SA","0.0748988568886755",NA,NA,NA,NA,"-3117200000","comingSoon"
"PEP","0.0969715989329986","0.140033606902886","0.289831509046984","0.158467099632449","0.31750185192964","-8.696e+09","comingSoon"
"TMO","-0.00381511371973588","-0.0414948446099309","0.0543556708831705","-0.0956093833009709","-0.00517032181229773","-1.1738e+10","comingSoon"
"CSCO","0.0072325327510917","0.0583632625155566","0.164199588743025","0.120968696912473","0.233065566424323","-3e+09","comingSoon"
"ORCL","0.188077753779698","0.11758211588725","0.229340327478446","-0.249105477302488","-0.174016025025462","-2.631e+09","comingSoon"
"VZ","-2.32135198135198","0.125383798462724","0.237922178306003","0.0816583329254475","0.189824166100159","-1.8863e+10","comingSoon"
"ADBE","0.296533534287867","-0.0711594892619576","0.0217245617358252","0.229024527996682","0.351926980506014","0","comingSoon"
"CMCSA","0.304205143860185","0.0794488980538729","0.18739378785926","-0.111373246839466","-0.0225105716505403","-1.1498e+10","comingSoon"
"ACN","0.102283870052862","0.0966135409402286","0.206274895020399","0.102806515328327","0.213087166691864","0","comingSoon"
"NKE","3.26161543959971","0.0623332106964839","0.168566531725717","0.0341522786799371","0.137567506198708","-1.97e+08","comingSoon"
"MRK","0.734781827976297","0.210277424605782","0.331305167049934","-0.409478083224768","-0.350425891639206","-2.319e+09","comingSoon"
"CRM","0.291371302859936","0.0436965643590518","0.148066220745886","-0.227679889196676","-0.150447878808864","-1.357e+09","comingSoon"
"ABT","0.510831586303284","0.0401451886244922","0.144159707486941","-0.10596425809645","-0.016560684203083","-4.8e+07","comingSoon"
"DHR","0.304042828133653","-0.255831614742132","-0.124817705632703","-0.408995107259443","-0.311054699207213","-1.282e+09","comingSoon"
"RDS-A","0.490011415525114","-0.318838723675355","-0.283274698329662","-3.02057114626138","-2.89072470369633","-2.1534e+10","comingSoon"
"INTC","-0.538388036883092","0.0356063474007896","0.139166982132011","-0.219274680944232","-0.141202149134286","-2.5e+09","comingSoon"
"RY.TO","-0.567824363022248","0.142183859177146","0.177323839701179","-0.110801895747599","-0.0681992148023444","-3.121e+09","comingSoon"
"MRK.PA","0.734781827976297","0.186171110278417","0.261850197642904","-0.0750215607326232","-0.00906060571691317","-2.319e+09","comingSoon"
"WFC","-6.61921014139444","-0.0231436771390715","0.0745419551291851","-0.298466256543531","-0.228312882309263","-4.7134e+10","comingSoon"
"MCD","0.535658680044979","0.0992432981668956","0.20916762794483","0.00186896410963261","0.102055860282034","0","comingSoon"
"TD.TO","-0.78698338035639","-0.0099211184359698","-0.0167792281641219","-0.1654942170933","-0.157489692334592","-5.5e+08","comingSoon"
"UPS","1.14246086784228","-0.00365655815268227","0.0959777860351332","-0.676231548487199","-0.643854703491078","-2.773e+09","comingSoon"
"AMD","3.14414414414414","0.131947322623829","0.285840762687112","-0.0605194636306135","0.0634033285895003","0","comingSoon"
"RDSA.AS","0.490011415525114","0.281624726225985","0.422268299582416","-0.274542582856574","-0.140836562807821","-2.1534e+10","comingSoon"
"T","-0.0737570570023675","0.133998137779515","0.247397951552729","-1.08181245784572","-1.08999370365022","-1.0652e+10","comingSoon"
"NFLX","-1.06841081634748","0.127883894601911","0.240672284055368","-0.0394787704926364","0.0565733522821891","-5e+08","comingSoon"
"NEE","-2.23660714285714","0.409359775030757","0.550295752533833","-0.352210197872936","-0.287431217744193","-1.002e+10","comingSoon"
"TXN","0.146448087431694","0.0346008681857828","0.138060955026167","-0.0495128968979277","0.0455358131033595","-5.5e+08","comingSoon"
"QCOM","0.962332652598139","0.0917382248704046","0.20091204733957","0.0137424323786354","0.115116675439567","-2.885e+09","comingSoon"
"TMUS","-1.08612825328683","0.101643862802367","0.211808249082603","-0.0723288561507937","0.0204382576058201","-1.2395e+10","comingSoon"
"UNP","0.0860502405130946","0.0960753171895065","0.205682848880939","0.0380844145331903","0.141892855894527","-1.569e+09","comingSoon"
"BMY","0.145499661628694","0.0971761948905896","0.206893814379649","0.0931768816652409","0.202494569575135","-6.022e+09","comingSoon"
"MDT","-0.188672977910646","0.114181350499718","0.225599485506525","0.339236420410427","0.473160061841375","-1.0531e+10","comingSoon"
"PM","0.218132464712269","0.071592584397389","0.178751842827575","0.0507110702601822","0.155782177077616","-3.042e+09","comingSoon"
"RTX","1.89749847467968","0.111599108948872","0.222759019832888","-0.168366316770186","-0.0852029490165632","-4.254e+09","comingSoon"
"AXP","2.56066131777292","-0.111718386691836","0.0353447561585654","-0.163003905459057","0.00117789429280397","-1.1662e+10","comingSoon"
"SPGI","0.0206244629046119","0.0296974448595878","0.132667189345547","-0.0735270843253968","0.0191202063492063","0","comingSoon"
"PYPL","0.0890136327185245","0.0878028378857751","0.196583121674353","0.221292459582634","0.343421705444951","-3.61e+08","comingSoon"
"INTU","0.37241985068072","0.119037909893076","0.230326102356483","-0.129581505819593","-0.133737068865179","-1.338e+09","comingSoon"
"AMGN","-0.152492668621701","0.115205820085454","0.226726402093999","0.0649721445783133","0.17146935890039","-4.15e+09","comingSoon"
"HON","-0.0299886835156545","0.0814079146313096","0.189548706094441","0.0654333155900397","0.171976646697943","-1.0107e+10","comingSoon"
"LOW","-0.107798660617844","3801.413807223","4181.6551879453","Inf","Inf","-2.118e+09","comingSoon"
"CVS","0.172549895740244","0.0689232517775777","0.175815576955335","-0.0489625821727019","0.0461411594074449","-3.195e+09","comingSoon"
"SAP","-0.149733458764503","0.122137297413793","0.271919864691092","-0.0873288615241636","0.0251649802973978","-2.326e+09","comingSoon"
"COP","133.16091954023","0.0748808010386663","0.216254538644497","-0.0294972417378388","0.0839692141354128","-5.05e+08","comingSoon"
"DE","0.0660865962295422","-0.0819884441283099","0.00981271141755771","-0.076267970820057","0.0161052317625356","-7.09e+09","comingSoon"
"PLD","0.0201010893750606","-0.0247685971458827","0.072754542971442","-0.404536283715735","-0.344989912802186","-2560174000","comingSoon"
"LMT","0.19978182951535","0.137164780621681","0.250881258680866","0.0835448565320665","0.191899342042755","-5e+08","comingSoon"
"ANTM","-0.247232854039516","0.0937126644811345","0.203083930928527","0.0226563286369594","0.124921961173001","-2.118e+09","comingSoon"
"SAN.PA","0.589315838800375","0.0790440794128909","0.126226718978941","-0.490734607263378","-0.450844488831753","-2.39e+09","comingSoon"
"CAT","0.122032288698955","0.0684271448470699","0.175269859331777","-0.151892860995531","-0.0670821473262444","-9.796e+09","comingSoon"
"ENB.TO","-0.720499879836578","-0.0166294044740923","0.0276301044379767","-0.17444512247536","-0.0735662560995314","-2.264e+09","comingSoon"
"AMT","0.208267536933712","0.0814771986448503","0.189624918509335","-0.0313473622307902","0.0655179008451143","-13252100000","comingSoon"
"BLK","0.296985066215835","0.0620989986579953","0.168308898523795","0.0227737515675309","0.125051126419251","-7.5e+08","comingSoon"
"IBM","-0.329992650497762","0.308763102334746","0.439639412547296","0.132756899164054","0.246032588819227","-8.597e+09","comingSoon"
"AMAT","0.411590774689533","0.0091911440835971","0.110110258465941","-0.0501581216032609","0.0448260658967391","0","comingSoon"
"NOW","0.323405820326982","0.0392155697082768","0.143137126526459","-0.1907128","-0.109784086956522","-6.1e+07","comingSoon"
"BA","0.776999949272054","0.267431846642905","0.394175031307196","14.686563894812","16.2552202841504","-1.5371e+10","comingSoon"
"CNR.TO","0.235614778921866","0.194424321268219","0.288838300269393","-0.0288115233033524","0.0697307804578904","-8.61e+08","comingSoon"
"GS","0.813045865149474","-0.107980796912654","-0.0187788766072903","-0.318101555257684","-0.249911710838918","-5.2608e+10","comingSoon"
"CATR.PA","0.122032288698955","0.020169039846187","0.0988970458692198","-0.102457904453691","-0.0178805680382185","-9.796e+09","comingSoon"
"ISRG","0.518324149392111","0.0234899357279207","0.125838929265687","-0.186946894872697","-0.105641585122609","0","comingSoon"
"CHTR","0.314562518922192","0.0949322781626098","0.204425505978871","-0.0698074398366996","0.023211815857327","-1.2146e+10","comingSoon"
"BNS.TO","-1.23740003220439","0.127434732897085","0.158854393020028","-0.0557875934123026","-0.0133303069409809","-1.094e+09","comingSoon"
"DGE.PA","0.869135802469136","0.0738310958925626","0.128298870572528","-0.397161434586466","-0.351173315037594","-2e+09","comingSoon"
"SBUX","38.5718038528897","0.364241912486322","0.491481976077576","-0.387329894744362","-0.284922789036268","-1896300000","comingSoon"
"INFY","0","0.180685052503503","0.298753557702234","0.18128970417145","0.299418674320704","-9.4e+07","comingSoon"
"C","3.37378983670586","0.0404313075382197","0.180903573692044","-0.237215027423469","-0.129889138165087","-7.495e+10","comingSoon"
"NIO","1.07893834708428",NA,NA,NA,NA,"-1293141000","comingSoon"
"GE","9.15979381443299","0.0688491966817618","0.175734116340504","0.111271419018405","0.222398560736196","-3.6521e+10","comingSoon"
"SYK","-0.0186379928315412","0.0759699669160627","0.183566963584288","0.037810258776329","0.14159128335005","-1.151e+09","comingSoon"
"VALE","1.08714112414072","0.541390757825401","0.742111276668746","-0.113485752238806","0.0247753951882379","-2.142e+09","comingSoon"
"BP","89.3680555555556","0.126597111443587","0.239256822580338","0.0270805165895572","0.129788568010575","-5.38e+08","comingSoon"
"PBR","0.367135905457073","0.828738909248982","0.802345179858514","-0.710260115119497","-0.659804092377358","-2.724e+10","comingSoon"
"EL","0.806879903439952","0.105019426333642","0.215521368917669","-0.0538710818815331","0.0407418094076655","-4.59e+08","comingSoon"
"BMO.TO","-0.135290338125452","-0.0564654869746182","-0.032220261176558","-0.233341738199639","-0.200573777534176","-6.651e+09","comingSoon"
"ADP","0.0736990621628351","0.192412931344716","0.311654224479188","0.0987459880700404","0.208620586492207","-1001800000","comingSoon"
"TGT","-0.354875571356018","0.452258161615018","0.357861381104665","-0.310234223869853","-0.355068999568097","-1.147e+09","comingSoon"
"MO","0.010056414029924","0.0735196854720288","0.180871654019232","0.247069075959596","0.371775983434343","-7.165e+09","comingSoon"
"ENB","-0.720499879836578","-0.106931613944892","-0.0176247753393809","0.0206058720310228","0.122666458878656","-2.264e+09","comingSoon"
"JD","0.405946065902686","-0.51125388735288","-0.523949689869973","6.05527247598997","6.86716194753612","0","comingSoon"
"CNQ.TO","3.6355617455896","-0.214386863395629","-0.0705635451391003","-0.232823372781837","-0.056735607776618","-1.02e+09","comingSoon"
"GNE.PA","9.15979381443299","0.228503111461534","0.289651846662893","-0.259000560429448","-0.216105840184049","-3.6521e+10","comingSoon"
"CP.TO","0.906277630415561","0.158045085053158","0.232595848030019","-0.00333447791023843","0.0867043061009818","-8.13e+08","comingSoon"
"ZTS","0.0376569037656904","0.0439859365997942","0.148384530221193","-0.0574675621011291","0.0367856804123711","-6e+08","comingSoon"
"BAM","0.321832061068702","1.57304597649477","1.46570560363016","-51.4747336641791","-49.3555319104478","-3.4349e+10","comingSoon"
"CNI","0.235614778921866","0.117622637839331","0.229384901568004","0.102803282093213","0.21308360997547","-8.61e+08","comingSoon"
"MDLZ","0.0241857465333763","0.107122653203343","0.217834918523677","0.135611420465116","0.249172562325581","-6.247e+09","comingSoon"
"SHOP","0.184553076929103","-0.0144419730364521","0.0841138296599026","1.31760272642529","1.54936299855318","0","comingSoon"
"DUK","8.88772597526166","0.100192851735267","0.210212136908794","0.0649767405322416","0.171474414278403","0","comingSoon"
"ADI","0.297698875892327","0.178295889228707","0.247487958245961","-0.383994179464939","-0.374423227624419","-3991982000","comingSoon"
"MMC","0.025049439683586","0.0128937823915237","0.114183160645812","-0.186903874005727","-0.105594261851734","-1.016e+09","comingSoon"
"CME","-0.0964616178865017","0.117824691558095","0.229607160585965","0.0747334133667122","0.182206754286148","0","comingSoon"
"MMM","-0.115093768905021","0.0757832134068731","0.183361534719276","-0.034290726397568","0.0622802006417835","-1.144e+09","comingSoon"
"MU","28.3734939759036","-0.134685994297058","-0.0481545937556398","-0.5037607486777","-0.454136823750213","-1.52e+09","comingSoon"
"CCI","0.0468204053109713","0.103201104100946","0.213521214511041","0.0474182244525547","0.152160045620438","-4.055e+09","comingSoon"
"SQ","1.93382839708718","0.143056695515022","0.257362365066525","7.60255180293955","8.46280697481417","-648100000","comingSoon"
"PBR-A","0.367135905457073",NA,NA,NA,NA,"-2.724e+10","comingSoon"
"SO","-0.43758389261745","-0.00177954696491152","0.0980424983342708","0.260888428571429","0.38697727076412","-4.352e+09","comingSoon"
"USB","1.65608180839612","0.101699838475419","0.211869822278949","-0.0876210561346226","0.0036168381263343","-1.1432e+10","comingSoon"
"BMO","-0.135290338125452","-0.174876687390836","-0.0923643561633654","0.0584702670879546","0.164317293654888","-6.651e+09","comingSoon"
"CI","-0.347774416594641","0.0549840411081528","0.160482445212082","0.0293095975768872","0.132240556756757","-4.578e+09","comingSoon"
"TEAM","0.500480036248772","0.203878130247395","0.324265942506266","1.05769789104069","1.26346767913947","-1848118000","comingSoon"
"CSX","0.254455821008722","0.0943980993451525","0.203837909279668","0.0329718992330071","0.136269088600899","-4.26e+08","comingSoon"
"EW","1.17465224111283","0.0989256498470948","0.208818214831804","40.5537172857143","44.7090889285714","-7e+06","comingSoon"
"HCA","-0.158668125683914","0.0790305010893246","0.186933551198257","-0.0757038650086257","0.0167257482748706","-3.869e+09","comingSoon"
"FCX","4.3030303030303","0.195601845042679","0.315162029503174","0.0770560062703205","0.184761606595448","-1.461e+09","comingSoon"
"REGN","2.25899675567756","-0.154350386082368","-0.00437069805932166","-0.0965521968224091","0.0384492191002192","0","comingSoon"
"GILD","0.437217345038574","0.0194431789049625","0.121387496795459","-0.101018140401606","-0.0111199546987952","-4.75e+09","comingSoon"
"BDX","0.251740564309271","0.0404186586329514","0.144460524496247","-0.218441376195029","-0.140285514340344","-5.112e+09","comingSoon"
"ICE","0.0809388911371914","-0.0519706707024433","0.115716984184119","0.127995654263184","0.331647723262691","-2.639e+09","comingSoon"
"SNOW","1.86257052092519","0.0906825224078529","0.234272542968375","0.651752573726226","0.88158750963309","0","comingSoon"
"CNQ","3.6355617455896","-0.480545641322213","-0.428600205454435","-0.291057344337161","-0.220163079070981","-1.02e+09","comingSoon"
"LRCX","0.684196542034887","0.239460907757681","0.363406998492426","0.179259688603536","0.297185657105692","-862060000","comingSoon"
"CP","0.906277630415561","0.271820897435897","0.442483054283927","0.444277826086957","0.625454063814867","-8.13e+08","comingSoon"
"TJX","-0.234455169775265","Inf","Inf","-0.170400178505338","-0.0542127125652831","-2975518000","comingSoon"
"FMX","-0.0954128440366973","-0.623331763504901","-0.647815198879663","-0.172170389471837","-0.225979314195473","-6.852e+10","comingSoon"
"KER.PA","0.875386591806633","0.0819138595198694","0.223056026001405","-0.134016008753976","0.00155145857606197","-583200000","comingSoon"
"NOC","-0.254072790294627","0.104737987187036","0.215211785908543","-0.382133378301213","-0.320346716345468","-2.236e+09","comingSoon"
"AMX","0.835135394056797","-0.506995241755159","-0.539040551041161","0.147746029414615","0.0731425374977681","-360230964000","comingSoon"
"EOG","2.20203125820192","0.0349008770145915","0.175182234582338","0.0755919965694683","0.210582577401372","-7.87e+08","comingSoon"
"AON","-0.225965177895534","0.187882990158288","0.306671289100303","-0.177879105179283","-0.095667015936255","-4.22e+09","comingSoon"
"TRP.TO","1.89693593314763","0.145069382087099","0.205189635616643","1.33206697237852","1.51641598567775","-7.758e+09","comingSoon"
"D","-1.4249684741488","0.2276784588943","0.35044630478373","0.10228300243309","0.212511302311436","-6.14e+09","comingSoon"
"SE","4.13636850925053","0.631403017462035","0.525361820971629","-0.326161582170209","-0.369961080457042","0","comingSoon"
"PSA","0.213792591611743","0.0345414752048115","0.137995622725293","-0.0953225894311212","-0.00485484955175007","-2218000","comingSoon"
"EQIX","-8.477710270112","0.103150204723446","0.21346522519579","-0.0132571837558053","0.0854170946698361","-2873199000","comingSoon"
"CM.TO","-1.0695328910079","-0.0164763109218437","-0.00182576713426854","-0.172226919272049","-0.145922160833722","-1.313e+09","comingSoon"
"F","-0.483996329681006","0.0787253489925994","0.186597883886725","0.569214848636896","0.726136333444835","-5.4164e+10","comingSoon"
"VRTX","-0.19547904988698","0.010868689269117","0.111955558196029","-0.05513702190342","0.0393492750096068","-4.7e+07","comingSoon"
"GD","0.170529228640609","-0.0376139589539629","0.0878087744417583","0.0506306527479275","0.208393137549893","-4.997e+09","comingSoon"
"FISV","-0.11487526947952","0.0526205472698139","0.157882601996795","0.068959667916042","0.175855632683658","-7.881e+09","comingSoon"
"SHW","-0.396869363566091","0.103354457547406","0.213689903282091","0.113083090538511","0.22439139884145","-434400000","comingSoon"
"WM","0.374364765669113","0.0639354250738944","0.170328967542245","0.0629430115638766","0.169237311674009","-8.404e+09","comingSoon"
"NTES","0.0101415503625296","-0.67361498108589","-0.681442189182283","-0.312279715441362","-0.30473460444133","-2297135000","comingSoon"
"TRI.TO","0.0362610797743755","0.0586558207309389","0.101668277567738","-0.694389258393391","-0.675884486201441","-1.09e+08","comingSoon"
"NEM","-0.266480446927374","0.182422010800196","0.300664211831124","0.864075146655232","1.05048265951973","-1.455e+09","comingSoon"
"ITW","-0.120575651497472","0.095248502248357","0.204773352473193","0.0664712598366741","0.173118385671863","-3.51e+08","comingSoon"
"BSX","0.162544169611307","0.0721058209959623","0.179316403095559","0.000973399615754083","0.101070738712776","0","comingSoon"
"CL","-0.166515563614385","0.0963852777108088","0.206023805407267","0.0874709252077562","0.196218017082179","-7.03e+08","comingSoon"
"BCE.TO","-0.685804962492787","0.0474647100516013","0.0724361373192887","0.132464520422535","0.184878233098592","-2.751e+09","comingSoon"
"NSC","0.299580027998133","0.0762587282355053","0.183884601059056","0.0151235084858569","0.116635858569052","-5.84e+08","comingSoon"
"MCO","-0.0866372980910426","-0.0239192988099067","0.0736887713091026","-0.13730653071364","-0.051037184733514","-5e+08","comingSoon"
"FIS","0.0742529429520072","0.0998589032211573","0.209844793543273","0.0799482661870504","0.187943088729017","-5.344e+10","comingSoon"
"ATVI","0.0735970561177553","-0.0762761558559582","0.016096228558446","-0.036435367173027","0.0599210955909596","0","comingSoon"
"GM","-0.792130468547761","0.1261715292353","0.238788682151743","-0.115501879528895","-0.0270520676714243","-4.7806e+10","comingSoon"
"MELI","-0.619902908988669","-0.269269831183908","-0.269767185913278","-12.7269405430712","-11.8532747287045","-8663212000","comingSoon"
"PXD","5.00831600831601","-0.448314128035814","-0.353471410632345","-0.335440184608121","-0.276299581208687","-4.658e+09","comingSoon"
"SNAP","1.80649381752382","-0.031471078549485","0.103053265106455","0.797582617249541","0.994683140863399","0","comingSoon"
"ETN","-0.378473581213307","0.090960362747096","0.200056399021806","0.0278707527985075","0.130657827425373","-1.013e+09","comingSoon"
"SCCO","0.551565209455143","0.0238913921584767","0.126280531365179","0.0053631032351123","0.10589941302876","0","comingSoon"
"MRVL","-1","Inf","Inf","-Inf","-Inf","0","comingSoon"
"PANW","0.688786070863266","0.191673281407862","0.310840609478161","0.105477414311485","0.216025153337342","-9e+05","comingSoon"
"WDAY","0.36193559797295","0.0473293560089344","0.152062291609828","23.4240762605114","25.8664838797535","-37614000","comingSoon"
"SLB","1.00984365952519","0.08699531126521","0.195694842383008","-0.0840510994152047","0.00754378947368421","-2.076e+09","comingSoon"
"SU.TO","6.76258992805755","0.074600887457835","0.262415533961975","-0.277045882010197","-0.105876561544064","-2.776e+09","comingSoon"
"EMR","0.176424361493124","0.131722417196754","0.244894658916429","0.229643132870169","0.352607445505862","-8.83e+08","comingSoon"
"MET","0.0822235587249764","0.202899772097461","0.323189749292064","-0.441976891974367","-0.386174581476961","-5.82e+08","comingSoon"
"DSY.PA","0.354572377277214","0.198528526573527","0.301436309540956","0.140488372754298","0.260882696135453","-341200000","comingSoon"
"FDX","6.5136186770428","0.152735501852094","0.268009052037304","0.0652394985662397","0.171763448097878","-6.318e+09","comingSoon"
"ITUB","-0.0583013435700576","-0.477116656217938","-0.475747027463823","-0.0285826464499253","-0.0566776893124066","-3.2388e+10","comingSoon"
"ILMN","-0.621773288439955","-0.0494321928855502","0.0758184902783915","-0.166458233595801","-0.0505013215223097","-5.17e+08","comingSoon"
"MAR","-0.339095744680851","-0.0565905090567944","0.0753742621779606","-0.637268845313922","-0.636815142857143","-2.174e+09","comingSoon"
"EPD","1.41550161315102","-0.0508685896257741","0.0440445513871429","0.070990773659357","0.178089850788106","-1.1491e+10","comingSoon"
"TRP","1.89693593314763","-0.123206655710764","-0.0355273212818406","0.0190232383631714","0.120925562148338","-7.758e+09","comingSoon"
"HUM","-0.797647058823529","0.11241827694308","0.223660104630165","0.045213863620866","0.149735249914763","-2.078e+09","comingSoon"
"ABX.TO","-0.422242045792447","0.0930671242386316","0.131020266499791","1.71370520820969","1.83901165974283","-4.3e+07","comingSoon"
"APD","0.161439724758502","0.11758316380897","0.229341480189867","0.152672361964652","0.26793959697013","-462900000","comingSoon"
"FTNT","0.256838588431823","0.0455990066423314","0.150158907306565","-0.020070560316414","0.0779223796967699","-19500000","comingSoon"
"OXY","7.50277469478357","-0.257980790684235","-0.132360452727693","-5.61393458828596","-6.8571470749354","-6.834e+09","comingSoon"
"KLAC","0.201222500653374","0.187237853052307","0.305961638357538","0.388005938049129","0.526806530554898","-7e+07","comingSoon"
"SRE","0.437410071942446","0.0757502093023256","0.18332523022478","-0.108142057663126","-0.0189562647951442","-5.489e+09","comingSoon"
"PDD","0.0223570138377779",NA,NA,NA,NA,"0","comingSoon"
"COF","-0.230095690787416","0.0488666953836044","0.153753364908822","-0.224188094027441","-0.146606903551251","0","comingSoon"
"DG","-0.369653282288157","0.0672980649669442","0.174027871463639","-0.033343232334347","0.0633224440154183","0","comingSoon"
"ATD-B.TO","0.238659459459459",NA,NA,NA,NA,"-2114800000","comingSoon"
"TRI","0.0362610797743755","0.526735686672968","0.776883185412728","-0.145125214800492","0.0613699407628757","-1.09e+08","comingSoon"
"ABEV","0.0748988568886755","-0.64234673608833","-0.648099901474587","-0.0119456195248994","0.0197586066608792","-3117200000","comingSoon"
"DXCM","-0.808387563268257","0.071774408496732","0.178951849264706","-0.188897584415584","-0.107787350649351","0","comingSoon"
"RI.PA","0.919117647058823","0.141233913644606","0.208234679057117","-0.695717123371647","-0.680270593103448","-2.379e+09","comingSoon"
"ECL","0.0347870478413069","0.110040131625449","0.221044144787994","0.0653954066731569","0.171934946455439","-1047300000","comingSoon"
"SNPS","0.677833550136869","0.178470303337644","0.296317333433551","0.103160258001151","0.2134762816891","-28061000","comingSoon"
"ADM","2.69086942972889","-0.0715529800936081","0.021291721897031","-0.12640534662237","-0.0390458822443706","-5.34e+08","comingSoon"
"AEP","0.225081551286698","0.0514564078132444","0.156602048594569","0.089798167678148","0.198777983601945","-4311900000","comingSoon"
"BCE","-0.685804962492787","-0.159324917906947","-0.0752574096976417","0.0466652112676056","0.151331732042254","-2.751e+09","comingSoon"
"KKR","-0.191855713672608","-0.653695599227107","-0.619065159174454","0.136494077329445","0.250143484505224","-21473835000","comingSoon"
"BIDU","0.0664052149027505","-0.647973890098238","-0.657312567019832","0.355637014570702","0.735660525523176","0","comingSoon"
"ROP","0.320485029128844","0.217387835508325","0.339126618955312","0.0533941974665973","0.158733616172133","-5e+08","comingSoon"
"PAYX","-0.128015830732932","0.172417035841057","0.289658739400513","0.168291060592255","0.285120164920273","0","comingSoon"
"SPG","0.687562378600863","-0.0457611787392445","0.0496627033086571","-0.234029311473748","-0.157432243332351","-10076809000","comingSoon"
"CNC","-0.288951230038843","0.0907062913749583","0.199776920512454","0.0321793526354863","0.135397287305122","-7.591e+09","comingSoon"
"KHC","0.0290791599353796","0.110468796559404","0.221515676215344","1.28422794071146","1.51265073418972","-6.202e+09","comingSoon"
"LHX","-0.0289017341040462","0.150715119063658","0.265786630852139","-0.131783388407367","-0.0449617280606717","-1.3e+07","comingSoon"
"XLNX","-0.0169479071581381","0.401556088942715","0.541711697392203","0.348077544284061","0.482885296082956","-5e+08","comingSoon"
"VMW","-0.0267156862745098","0.0940305034627655","0.203433553809042","0.120539904945055","0.232593895054945","-5e+06","comingSoon"
"PSX","6.13844252163164","-0.0716230082708386","0.0564137537676271","-1.86116621444867","-2.04529802357414","-2.954e+09","comingSoon"
"NXPI","0.0943877551020408","0.0394656964656965","0.143412266021875","-0.305639482095136","-0.236203430785676","-1.021e+09","comingSoon"
"DOW","-0.0318247571812358","0.0738233664313783","0.181205703063601","0.0174227505942006","0.119165025194106","-2.949e+09","comingSoon"
"MPC","8.8695652173913","-0.142987496862055","-0.0572862465599293","-0.383510704867529","-0.321861775518587","-2.5837e+10","comingSoon"
"CTSH","-0.236125473974492","0.105956773112876","0.216552450424164","0.0636960131024801","0.170065613944782","-5.3e+07","comingSoon"
"LULU","0.732431067217084","0.186136892828824","0.342155243960115","-0.12171654181901","-0.0113890961138988","-49809000","comingSoon"
"SU","6.76258992805755","-0.193145414264541","-0.0831884527241133","-0.69239298519058","-0.662031142024763","-2.776e+09","comingSoon"
"ADSK","0.0920748527547901","0.0943956319533102","0.203835195148641","-0.0254364346076459","0.0720199195171026","0","comingSoon"
"EXC","-0.303173354314188","-0.0659968154180538","0.0274035030126283","-0.0578294753810082","0.0363875762016413","-1.99e+09","comingSoon"
"JCI","0.089527027027027","0.0898875105627852","0.198876261619064","0.0891145998778253","0.198026059254734","-5.24e+08","comingSoon"
"IDXX","0.177364505254662","0.0824977607484076","0.190747536823248","-0.107968523652572","-0.0187653793742322","-5e+07","comingSoon"
"CDNS","0.276466500187012","-0.0706356796834529","0.0223007518796992","-0.150452364017788","-0.0654976040117536","0","comingSoon"
"CSU.TO","0.0947459086993971","0.235587797532798","0.454646768748776","0.915936793548387","1.2895388","-8.9e+07","comingSoon"
"MCK","0.00853154084798345","0.13559901897342","0.249158920865725","0.190111379378718","0.309122517294558","-7.363e+09","comingSoon"
"IQV","0.714072970960536","0.0565810004324636","0.16223910047571","-0.173399301242236","-0.0907392329192547","-2.691e+09","comingSoon"
"T.TO","-1.5296803652968","0.0306875775032664","0.075487018826464","0.223915363746224","0.304426350453172","-4.972e+09","comingSoon"
"APH","-0.115723844282238","0.0482111989702096","0.153032318867231","-0.251142100083403","-0.176256311509591","-9.12e+08","comingSoon"
"HSY","0.26150071023687","0.0248298727380322","0.161577144075627","-0.0518429034755725","0.0749088420263253","-439444000","comingSoon"
"TRV","0.115815309096487","-0.00520228820082721","0.0942774829388787","-0.260240036865101","-0.186264040688149","0","comingSoon"
"CMG","1.89025972908312","0.0769439640146012","0.184638360416061","-0.025103812650846","0.072385802714921","0","comingSoon"
"PRU","0.172562141491396","-0.130430378520879","-0.043473416387064","-0.290535313697566","-0.219588845287416","-1.708e+09","comingSoon"
"STZ","0.0642880631371259","0.0678788479262673","0.174666732637639","-0.692916520520521","-0.662208172672673","-2721300000","comingSoon"
"GOLD","-0.422242045792447","0.138190237797247","0.252009261576971","-0.0215124020771513","0.0763363565776459","-4.3e+07","comingSoon"
"ORLY","0.165933790632233","0.00684244771530999","0.107526692464331","-0.107380711281318","-0.0181187831023913","-3e+08","comingSoon"
"WELL","-0.067774129285288","0.0389043739639251","0.142794811360318","0.499530535077855","0.649483587098156","-197618000","comingSoon"
"KMI","0.557157931762223","-0.152977417218543","-0.0682751589403973","-0.19978334529148","-0.119761679932735","-6.831e+09","comingSoon"
"MNST","-0.109618310251208","0.0407226792306282","0.144794947153691","0.235831485144921","0.359414632570464","-10919000","comingSoon"
"CTAS","0.147075840986662","0.068504902801159","0.175355393081275","0.0881128007287339","0.196924078821352","0","comingSoon"
"INFO","0.379513888888889","0.0674245136429016","0.174166964856916","-0.446034697547232","-0.39063816871064","-8.32e+08","comingSoon"
"TEL","0.386871508379888","0.0644844723581049","0.170932919587214","-0.149438407784166","-0.0643822490048651","-7.08e+08","comingSoon"
"ANET","0.321495560835313","0.0626929017512331","0.168962191790673","0.02980667987546","0.132787345960179","0","comingSoon"
"DLR","-0.00252733453224974","0.388475400772785","0.536597395866151","0.352923159684986","0.437396618066659","-990968000","comingSoon"
"CVE.TO","6.72696245733788","-0.590900060068427","-0.535344866546475","2.5750534923339","3.12808368143101","-3.52e+09","comingSoon"
"KMB","-0.314092356687898","0.135907824074074","0.249498606481481","0.288667704520397","0.417534474090408","-2.69e+08","comingSoon"
"RSG","0.151135473766641","0.0792818238158477","0.187210006197432","-0.0783989063467492","0.0137612012383901","-5.304e+09","comingSoon"
"HLT","-0.951298701298701","0.127072502418798","0.317041761921216","-0.137868063414634","-0.089033487804878","-3.23e+09","comingSoon"
"MSCI","0.161999068585276","0.0589132580458263","0.164804583605736","0.0086300354140524","0.109493036338316","-1051810000","comingSoon"
"O","0.18524252314792","-0.0441490451884989","0.0514360500523201","0.53992490596902","0.693917391836553","-9371490000","comingSoon"
"SYY","0.595496611771464","0.246973405879853","0.371670746467839","0.428691909143109","0.571561096814439","-2003135000","comingSoon"
"KR","1.328125","0.0353322583763634","0.173882398170979","-0.442519752870091","-0.343767552870091","-2.614e+09","comingSoon"
"GIS","-0.237295515332463","0.0390590141777459","0.14296491559552","-0.0329241020600051","0.0637834874775622","-2.609e+09","comingSoon"
"VLO","6.12380952380952","-0.102886414320433","-0.0131750557656369","-1.8896890344086","-1.97865793870968","-3.028e+09","comingSoon"
"RACE","3.22228843400534","0.15098258303765","0.2660808411541","-0.0384174058430342","0.0577408515263606","-529642000","comingSoon"
"IMO.TO","63.4","0.0331428322584263","0.203424080533902","-0.0520023021379589","0.112073541347317","0","comingSoon"
"WMB","0.154965753424658","-0.0343639181330573","0.134864001411499","-0.296370049439684","-0.143148610415293","-8.94e+08","comingSoon"
"MCHP","0.235537190082645","0.246472289644013","0.371119518608414","1.02530836863194","1.22783919862622","-8958400000","comingSoon"
"ALXN","0.513008045136349","0.119878368012653","0.231866204715069","-0.160802192575406","-0.0768824146503149","-130600000","comingSoon"
"A","0.615960099750623","0.0788908244975471","0.186779906947302","0.0541057851239669","0.159516362809917","-2.139e+09","comingSoon"
"NUE","2.99493350715723","-0.115153217447272","0.0385006984580256","-0.733278947620499","-0.68513796109564","0","comingSoon"
"DVN","13.9844559585492","0.0655492094052106","0.209006525561199","-0.0801553014575187","0.0218866594383221","-1.243e+09","comingSoon"
"MSI","0.141833810888252","0.138682951903072","0.252551246970995","0.0545958441767068","0.160055427309237","-3.53e+08","comingSoon"
"BK","-0.574685534591195","0.069443465681571","0.176387812192158","0.0236321694599628","0.125995386006917","-4.65e+09","comingSoon"
"DD","-1.33768986223949","0.207164558938329","0.327881014772113","0.0212542421524664","0.123379666151229","-5e+09","comingSoon"
"XEL","0.184847282824276","0.0685526138783411","0.175407875139602","0.121790131496556","0.233969143393863","-4.17e+08","comingSoon"
"STM","0.570068027210884","0.0467575413368858","0.151433295431393","-0.038458548","0.0576955965","0","comingSoon"
"BAX","0.276100086281277","0.082386576971214","0.190625234668335","0.00130713785046729","0.10143785046729","-2.823e+09","comingSoon"
"GPN","0.218164942590555","-0.00840567815009382","0.0907537540348968","0.0813992097031467","0.189539129534108","-4826769000","comingSoon"
"AZO","0.280415422397378","-0.213537542657567","-0.183962159213676","-0.324811456775379","-0.306216053529581","-309853000","comingSoon"
"FNV.TO","-0.603297374313047","-0.0642611007692308","0.0221128107692308","-0.298163476897915","-0.209666433147063","-1.5e+08","comingSoon"
"EC","5.78769343633704","-0.435796341828163","-0.472469579609337","-0.0557599743967056","-0.117135576060916","-3.36e+11","comingSoon"
"SBAC","0.0588841535609699","0.0463206835138429","0.15095275147542","0.157439585227081","0.273183537858129","-4395909000","comingSoon"
"WBA","0.0160583941605839","0.0910402209510297","0.200144243047642","-0.169818582218725","-0.0868004409913454","-1.5257e+10","comingSoon"
"HPQ","0.559689507494647","0.0710060327311103","0.178106636004221","-0.00752944287252038","0.0917176126403199","-1.245e+09","comingSoon"
"BKR","4.55454545454545","0.0987824795481106","0.208660727502922","-0.181220908675799","-0.099343","-1.354e+09","comingSoon"
"APO","-2.60658896337132","-0.347695123225729","-0.262684922772002","-0.188933466631058","-0.0429217243924501","-953015000","comingSoon"
"TDG","-0.270758122743682","0.115160650270946","0.226676715298041","0.0279283441176471","0.130721173529412","-2.257e+09","comingSoon"
"L.TO","-0.0962062980411604","0.000425643332706413","0.00753425418469062","-0.3718031744","-0.356969609066667","-1.657e+09","comingSoon"
"AJG","-0.0469997580450036","0.0783440814358098","0.186178489469507","0.0944653109836789","0.203911839435377","-1.235e+09","comingSoon"
"TU","-1.5296803652968","-0.0684773013422022","0.0861172133863879","-0.0835219909365559","0.0881003728096677","-4.972e+09","comingSoon"
"PH","0.28649805968152","0.108019618418081","0.218821580204131","0.109282275929214","0.220210502262184","-1211748000","comingSoon"
"TT","0.0593575418994413","0.0902764396168756","0.19930408350075","0.428282679499789","0.571110946325699","-432500000","comingSoon"
"LNG","3.6184668989547","0.0167711722138174","0.0500263786560767","-0.0690124592402902","-0.00816152582159624","-6.81e+09","comingSoon"
"AEM.TO","0.0360470705688772","0.108513140063569","0.239612470115417","0.525931618076312","0.71709660797519","-620020000","comingSoon"
"RMD","-0.109756045019725","0.150199006827086","0.265218907509795","0.126816442397867","0.239498085373178","-6.12e+08","comingSoon"
"WCN","0.282211409215549","0.04519165498497","0.149710820418441","0.00326598462576471","0.103592579528741","-2003717000","comingSoon"
"EQR","-0.00179186755322649","0.101224555062364","0.211347010568601","0.18971606932513","0.30868767528229","-7864280000","comingSoon"
"DLTR","-0.774415405777166","0.0428570885825874","0.147142797440846","-0.170274696889826","-0.0873021673318774","-1e+09","comingSoon"
"PEG","-16.8970588235294","0.302277067475828","0.480937261365974","0.0796660077160494","0.244645455246914","-3.676e+09","comingSoon"
"AVB","-0.0204114434142912","0.0707613046604353","0.177837434690721","-0.156626312482637","-0.0722889448261922","0","comingSoon"
"ET","2.73823397579561","0.00340756040761232","0.103748316448374","0.766413739488117","0.943055113162706","-2.7318e+10","comingSoon"
"ZM","0.053629304109684","-0.0495069902318711","0.0793232485272682","-0.287316131630464","-0.196226581973904","0","comingSoon"
"EA","0.0923355461677731","0.613397285130574","0.721115873334518","-0.388896604540024","-0.290405205495818","-6e+08","comingSoon"
"ALGN","1.31153377571177","0.0474947168738223","0.152244188611804","-0.0231591409548975","0.0745249423590062","0","comingSoon"
"TTD","-0.0197411949346833","-0.0493739016621436","0.0456887068343715","0.676960322875684","0.844656334838344","0","comingSoon"
"DIM.PA","1.70083861428788","-0.0545562576355821","0.0788259857976007","0.0423313506091749","0.228798934878973","-79707000","comingSoon"
"STM.PA","0.570068027210884","0.0244952662017083","0.152182759815062","-0.7512813345","-0.7168951155","0","comingSoon"
"TROW","0.88523147333216","0.0597164686713852","0.16568811532997","0.101194308605534","0.211313738687599","0","comingSoon"
"ZS","4.22549803693471","0.123781984846234","0.236160181250929","-0.0141137164207015","0.0844749016330253","0","comingSoon"
"HAL","-0.0355594102341717","0.109307028440667","0.220237731284734","0.034133391214825","0.13754672889499","-7e+08","comingSoon"
"VRSK","0.0802288775261748","0.108566255919429","0.219422881678116","0.211327450097554","0.332460193606484","-4.5e+08","comingSoon"
"FAST","-0.342936703437935","0.117169142724051","0.228886056996456","0.071514412972973","0.178665851891892","-5.4e+08","comingSoon"
"YUM","0.289082969432314","0.0319643386998785","0.135160772478736","-0.0712789663492063","0.0215931358730159","-3.657e+09","comingSoon"
"IFF","0.991177551770616","0.0466316918325326","0.151294861015786","0.0358843259259259","0.139472755555556","-9.33e+08","comingSoon"
"ED","0.286966686148451","0.0488958869552501","0.153785475577654","-0.220087366270431","-0.142096104011887","-1.96e+09","comingSoon"
"GWO.TO","0.0793964620187305","-0.025878960370537","0.0368335893369746","-0.079418186695279","-0.00385364592274678","-4e+06","comingSoon"
"MPLX","0.471240263630917","0.0459889588511749","0.150587854725849","0.0461755892102697","0.150793147871303","0","comingSoon"
"EBAY","0.14961038961039","0.129493090211132","0.242442399232246","0.0995994121105232","0.209559353174603","-1.156e+09","comingSoon"
"LYB","2.93685655456417","-0.00268952569683581","0.0970415217118229","0.0144406629735525","0.11588472891351","-4.221e+09","comingSoon"
"CVE","6.72696245733788","-0.312436910737334","-0.343841206326443","0.871651655877342","0.967214550255537","-3.52e+09","comingSoon"
"HES","2.32291666666667","-0.0770129230563361","0.0152857845577412","-0.0940376279069767","-0.00344139355992844","-5.2e+08","comingSoon"
"VEEV","0.386791015263603","0.00783734182994494","0.108621075364563","-0.0200888368937036","0.077902276609186","-384000","comingSoon"
"QSR.TO","1.01492537313433","0.108501778358599","0.199096184352675","-0.136861048926014","-0.0538664212410501","-8.89e+08","comingSoon"
"ROK","0.133220743095569","0.155478677794609","0.27102654557407","-0.0589366070245195","0.0351697312421766","-2500000","comingSoon"
"TSN","-0.0164485981308411","0.0964453229611681","0.206089855257285","-0.16582081457171","-0.0824028966196259","-2.632e+09","comingSoon"
"ARE","0.144686179193437","0.120365099921954","0.171546522242982","0.251953902602552","0.373337635033532","-34970279000","comingSoon"
"BEP-UN.TO","-2.45229681978799",NA,NA,NA,NA,"0","comingSoon"
"AMP","-0.283958891867739","0.133757665531032","0.247133432084136","0.620854651086956","0.78294011557971","-1.151e+09","comingSoon"
"ABC","0.212808247472056","0.116002015114405","0.227602216625845","0.125981757636051","0.238579932750277","-5919243000","comingSoon"
"ERIC","0.457901197985015","-0.67463409256007","-0.684308298953141","-0.137948223274874","-0.103180864854146","-8.159e+09","comingSoon"
"APTV","-0.26360338573156","0.0952423485721603","0.204766583429376","-0.0434965457627119","0.0521537949152542","-1.503e+09","comingSoon"
"SIVB","0.33423656927427","-0.104507930539125","-0.0149587236775393","-0.230607779050737","-0.153668558101473","0","comingSoon"
"ODFL","-0.0641492323534522","0.0303016145491682","0.133331775908962","-0.0275477703927492","0.0696974511178248","0","comingSoon"
"WEC","-1.1002276867031","0.0592458994708995","0.241245157888408","0.0603299969266231","0.241733376104495","-1600400000","comingSoon"
"OKE","7.2414338891645","-0.163592412632678","-0.0799516539261751","0.0301511242870269","0.133166235248775","-604894000","comingSoon"
"ROST","-0.358321651725075","-0.0303458762743809","0.066619536098181","-0.297461983096374","-0.227208182567055","-6.5e+07","comingSoon"
"BF-B","0.24297520661157","0.6032705192141","0.538812875758451","-0.340255661129568","-0.383139044296788","-5.16e+08","comingSoon"
"UDR","0.156282034295437","0.0758701144358354","0.183457125879419","-0.508594416595563","-0.459453864921075","-301096000","comingSoon"
"PPG","-0.347754654983571","0.0767583047256279","0.184434135162481","0.0708916059763725","0.177980765114663","-1.457e+09","comingSoon"
"NOK","0.6140625","0.775821463561841","0.7073083558238","-1.53202921565003","-1.76050670178681","-1.22e+09","comingSoon"
"TWTR","-4.16992703905753","-0.0150574020744928","0.0834368574817203","85.8674505146584","94.5541955701891","-954565000","comingSoon"
"STT","-3.53061911170929","0.141738219178082","0.25591204109589","-0.0277895915336056","0.0694314489417007","-5.302e+09","comingSoon"
"FNV","-0.603297374313047",NA,NA,NA,NA,"-1.5e+08","comingSoon"
"MTD","0.267381624631251","0.0432115483615883","0.147532703143954","-0.869431657314512","-0.856374823956254","-2035546000","comingSoon"
"AME","-0.130094027002414","0.0750898672571637","0.18259885398288","0.0425756469603142","0.146833209939266","-59718000","comingSoon"
"MTCH","0.0957112736672256","0.0543909264878856","0.159830019136674","1.25087492573536","1.47596241218768","-630658000","comingSoon"
"WST","0.109023817510902","-0.00321842774403164","0.0964597294815652","-0.246479072227259","-0.171126982472046","-2200000","comingSoon"
"ES","0.0380379935640705","0.0815652607678024","0.189721786743194","0.155450035107785","0.270995036570268","-1185710000","comingSoon"
"BIIB","-0.0905383360522023","0.0550111549213692","0.160512270413506","-0.0337262290341238","0.0629011470985155","-1.7e+08","comingSoon"
"EXPE","1.66400345497733","0.0901331354966271","0.226109553268202","-17.527416","-28.2327384666667","-1.706e+09","comingSoon"
"TWLO","-4.59737905510027","-0.0431755022012155","0.0525069470860242","0.901428179808401","1.0915709958943","-8295000","comingSoon"
"GLW","1.21046077210461","0.0907028831131941","0.199773171424514","0.0703323315844701","0.177365564008395","-8.6e+08","comingSoon"
"MDB","0.979943430187709","0.0133573969250912","0.18739963171592","0.434922617689806","0.692223817562063","-5572000","comingSoon"
"AWK","0.139442231075697","0.149286157760814","0.264214773282443","0.180166790973872","0.298183469517023","-8.72e+08","comingSoon"
"CBRE","0.377267287387067","0.0916850025351369","0.200853502785046","0.0100102364511313","0.11101125900726","-409461000","comingSoon"
"FM.TO","0.884346959122632","-0.14040246103716","-0.0654930226012202","-1.10315056730769","-1.11373406730769","-3.658e+09","comingSoon"
"LVS","0.688115064345193","0.31293992867265","0.483445191072272","0.186151825182102","0.378505287200832","-1.998e+09","comingSoon"
"MT","3.19780888618381","0.0428089865353724","0.181109013751943","-0.254406396696978","-0.155269919630917","-3.98e+08","comingSoon"
"FTS.TO","0.642002989536622","0.0630218198560542","0.0984299107747671","0.466103115919629","0.541592879443586","-5.383e+09","comingSoon"
"NDAQ","-0.135338345864662","-0.295017959734964","-0.171595962453279","-0.0052487801179444","0.187019390901432","-8.04e+08","comingSoon"
"CPRT","0.619742078407428","0.14680117332854","0.261481290512834","0.0449719229680885","0.149469114090305","-1118000","comingSoon"
"PCAR","-0.589338671411625","0.0810784568260757","0.189186302487427","0.0723980130662491","0.179637813293019","-2336700000","comingSoon"
"SPOT","0.524861878453039","0.0194238538477451","0.195364640049648","2.41111870588235","3.33224329411765","-3.5e+07","comingSoon"
"EXR","0.241628813605902","-0.0750823209890945","0.0174094469119961","-0.215774881622524","-0.13735237280538","-5500290000","comingSoon"
"LI","2.38404912406268","-0.0350247058296923","0.0230973733994639","1.03923980961565","1.09247368371934","0","comingSoon"
"U","-6.30657838327061","0.112643730988739","0.223908103007044","-0.0258595831447953","0.0715544557243896","0","comingSoon"
"WLTW","0.25","0.200106723716381","0.32011739608802","-0.452962773330175","-0.398259051160587","-1.008e+09","comingSoon"
"AEM","0.0360470705688772","0.277242158876408","0.404966374711746","0.0674636958135132","0.174210062816638","-620020000","comingSoon"
"RCI","-0.324282786885246","-0.00019332439440464","0.0997873430910952","0.18463017843389","0.303093195121951","-2.69e+08","comingSoon"
"KEYS","0.276974416017798","0.0779490554543615","0.185743960939081","0.00242229642058166","0.102664524608501","0","comingSoon"
"EFX","0.649457039436083","0.0554875200552408","0.161036272060765","-0.0568829306638001","0.0374287758667025","-1100200000","comingSoon"
"PLTR","2.04008496198728","0.0222062074507309","0.124426827741815","0.0428070540894233","0.14708775911403","-2e+08","comingSoon"
"BLL","-0.893416927899687","0.0836031424227065","0.191963456664977","0.0523661685649203","0.157602783599089","-7.5e+08","comingSoon"
"FITB","183.230769230769","0.108075702981951","0.21888327334554","-0.0423900176895307","0.0533709801444043","-3.603e+09","comingSoon"
"HRL","0.0118273872059096","0.0537345102035457","0.159107961144857","0.0753815175185044","0.182919667839958","-258617000","comingSoon"
"CMI","-0.315323707498836","0.0747198284834104","0.182191811331751","0.111988426091037","0.223187267480056","-1.11e+08","comingSoon"
"NOKIA.PA","0.6140625","0.102744116926403","0.13280857616431","-0.995493271719039","-0.995324458410351","-1.22e+09","comingSoon"
"WY","1.05849358974359","0.168490500637192","0.285339550534261","0.0948926532412735","0.20438191791331","-3.75e+08","comingSoon"
"TECK-B.TO","1.01210653753027",NA,NA,NA,NA,"-2.94e+08","comingSoon"
"WTW","0.25",NA,NA,NA,NA,"-1.008e+09","comingSoon"
"IBKR","-0.274257919680718","-0.0451925170068027","0.050288231292517","0.065644961038961","0.172209454545455","-1.524e+09","comingSoon"
"MXIM","0.171042482618022","0.0946065581803657","0.204067213694512","0.044332185368342","0.148765401729321","0","comingSoon"
"PCG","0.803979504058047","0.121269749685108","0.23339672459064","3.52414734090909","3.97656207954545","-1.1485e+10","comingSoon"
"ENPH","0.529911735861393","0.127411871793258","0.24015305824902","-0.2725089206526","-0.199759819593122","-291941000","comingSoon"
"WPM.TO","-0.582013305047013",NA,NA,NA,NA,"-195780000","comingSoon"
"ANSS","0.0283705121693948","-0.061894934481556","0.0319155720702884","-0.0844252123169103","0.00713226227214838","-4.5e+07","comingSoon"
"CERN","0.396969497219252","0.106505940164002","0.217156534180402","0.0531403393832929","0.158454369721884","0","comingSoon"
"CQP","1.10911424903723","0.0063502278990884","0.106985250582998","-9.57834355828221e-05","0.0998946368098159","-3.6e+09","comingSoon"
"SGEN","-1.71217540582748","0.185971362531449","0.349264099757935","-0.49620753598005","-0.411949004479066","0","comingSoon"
"MKC","-0.325612745098039","0.0675572047674069","0.174312925180835","0.0394899152654574","0.143438905070833","-257100000","comingSoon"
"LUV","2.10292326431181","-0.00599671057631412","0.163909820962635","-1.7864646171955","-2.14094267963153","-9.05e+08","comingSoon"
"EIX","-0.266287609571192","0.130226420664207","0.291700709896008","0.0858582432432432","0.308422669189189","-3.416e+09","comingSoon"
"DHI","-0.764716249559394","0.19284049945633","0.312124549401963","0.0831425116145409","0.19145676253652","-826300000","comingSoon"
"ZBH","0.221424627277747","0.133026131798576","0.246328744927388","1.29272921314741","1.5220021314741","-2654800000","comingSoon"
"KSU","0.183951393253719","0.266891891666034","0.393581080680696","-0.81381341815235","-0.795194761750405","-1.8e+07","comingSoon"
"FE","1.29659643435981","0.180122529644269","0.298134782608696","0.0877420623538581","0.196516267342167","-5.32e+08","comingSoon"
"QSR","0.580308836829478","0.407147666363875","0.647131222271319","0.196887933785728","0.421957694337829","-697243964.800552","comingSoon"
"GWW","-0.263498920086393","0.0968603561664875","0.206546391721702","0.0749170805369127","0.182408786193672","-8e+06","comingSoon"
"RPRX","-0.00840104018963654","0.367489779917824","0.598579264220474","0.654957652389435","0.994907874099605","0","comingSoon"
"POW.TO","0.0382140382140382","-0.0689435405040181","-0.0506466784836331","-0.47313746177164","-0.453847657460424","-1.407e+09","comingSoon"
"ALB","-10.8187460000388","0.0541117568526276","0.15952293253789","0.697459756452552","0.86720573775794","-1173823000","comingSoon"
"PPL.TO","0.628781684382666","0.00790329419265098","0.121996899501565","0.450225607890499","0.600411565217391","-1.31e+09","comingSoon"
"DTE","-3.40625","-0.0361760892809409","0.060206301790965","-0.0408662734288864","0.0550470981256891","-3.522e+09","comingSoon"
"CSGP","-0.0759504658956184","0.103607002600128","0.213967702860141","-0.0601267449173514","0.0338605740966079","0","comingSoon"
"SIRI","-0.0347721822541966","0.796151605450782","0.769773139029439",NA,NA,"-3.565e+09","comingSoon"
"ON","2.21936610930871","0.0334563488530817","0.13680198373839","-0.403504818740095","-0.343855302099841","-1270500000","comingSoon"
"LYV","2.24099366231316","-0.53039965911812","-0.560923681575357","0.265793239646625","0.183516677973683","-109705000","comingSoon"
"URI","-0.672666666666667","0.0772174557431042","0.184939201317415","-0.0742992431457431","0.0182708311688312","-8.462e+09","comingSoon"
"TSCO","-0.536317153909131","0.0397887810995196","0.143767659130924","-0.152363427852783","-0.0675997719418241","-4580000","comingSoon"
"SQM","-2.36287140710581",NA,NA,NA,NA,"-272137000","comingSoon"
"MAA","0.549923427235723","0.0846632984305561","0.193129627879929","-0.16397191222782","-0.0803691051366546","-639153000","comingSoon"
"DAL","1.00281096275474","0.0366979781932506","0.168714067661126","0.643688536821705","0.389026374031008","-5.833e+09","comingSoon"
"VTR","-0.356344727078584","0.258364848862607","0.476871090622353","-5.46214142588965","-7.67608574110349","-2109617000","comingSoon"
"INVH","0.420267415164713","0.0457559499452824","0.150331544639302","-0.0820409830735393","0.00975491249880463","-2166865000","comingSoon"
"STE","0.197676861422763","0.0138164809289983","0.0717565475866761","-0.646675938600906","-0.648779011071968","-65461000","comingSoon"
"IT","0.528742113035307","-0.0232864477999612","0.0743849071876792","-0.259283755481627","-0.185212132667977","-112915000","comingSoon"
"CHD","-0.0183980255777429","0.0710423691258357","0.178146606038419","0.0150488277945619","0.116553708761329","-3e+08","comingSoon"
"LH","0.510720802919708","0.0112532043496331","0.112378524710159","-0.0114907277163168","0.0873601985445674","-1.375e+09","comingSoon"
"FANG","21.2297297297297","-0.0989855009563042","0.0176317316463146","-0.0957140265811182","-0.00527002383134739","-4.371e+09","comingSoon"
"HZNP","1.55483705976911","-0.00766178569989555","0.118378726820212","-0.0833431863211916","-0.0523717218811916","-1.2e+07","comingSoon"
"VMC","-0.208376578904634","0.0609796894924534","0.167077658045459","0.0292365966010733","0.132160253428742","-1465200000","comingSoon"
"AEE","-0.184478371501272","0.0374329329058492","0.175416630903972","0.0531054515151515","0.191319372727273","-8e+06","comingSoon"
"ETR","-65.3727196051481","0.0235716771229176","0.163712083714273","0.0373688593829192","0.182964390521659","-4827827000","comingSoon"
"ARES","-4.940364718377","-0.443941120930198","-0.38833523326063","0.339581168044967","0.473539280935923","-548752000","comingSoon"
"MOS","1.18058252427184","0.0556453331606972","0.238771317914772","0.32530195020238","0.587907846191586","-1334900000","comingSoon"
"MLM","0.0350521436848204","-0.0730168200960473","0.0449909961211673","0.0311518846975089","0.144036908185053","-431200000","comingSoon"
"CDW","-0.407939116146329","0.0559805579036348","0.161578613693998","-0.00793443657697754","0.0912721181468744","0","comingSoon"
"ESS","-0.999998945646915","0.0374361031435085","0.141179713249606","-0.122516890661012","-0.0347685844348833","0","comingSoon"
"SPLK","1.49252383838134","0.104729895005506","0.253570486044619","0.750049986670122","0.976445420309358","-200957000","comingSoon"
"LEN","-0.400786339804573","-0.0288174075721519","0.09765408351786","-0.138192782302746","-0.0235050282035823","-1355063000","comingSoon"
"MG.TO","-0.26488513830286","0.210303265410297","0.35708188019425","0.28941236988111","0.465561188243065","-1.21e+08","comingSoon"
"CCL","0.222255820985788","1.84188480083857","1.85516055870021","-0.230301464582676","-0.257917111146195","-5.956e+09","comingSoon"
"HUBS","4.88758322237017","0.0984954530706765","0.208344997685787","0.306126418027416","0.436739044413325","-89525000","comingSoon"
"LR.PA","-0.0293096799074431","0.161097133699484","0.228517681285351","0.344540593071051","0.408080359659425","-84200000","comingSoon"
"OKTA","-0.210083729677921","0.935290248200086","0.85964126623499","0.531053431650462","0.504327763312828","-26000","comingSoon"
"LBRDA","-0.342763427634276","-0.925301012145749","-0.928015886639676","-0.441403239071038","-0.400940098360656","-2.476e+09","comingSoon"
"SWK","-0.913978494623656","0.141567984401813","0.294064050598059","-0.0928877308785224","0.0127860217854606","-1500000","comingSoon"
"CLR","-1.77772738460977","0.0453499548372726","0.185695117669624","-0.0427781679117238","0.0777719221562366","-1956025000","comingSoon"
"DRE","0.134154608817236","-0.00840827073855956","0.0907509021875845","1.75789089981768","2.03367998874422","-690313000","comingSoon"
"DOV","0.00562442632342262","0.0834729023264084","0.191820192559049","-0.0290527629918724","0.0680419587513281","0","comingSoon"
"RJF","0.666921119592875","0.0741256697819315","0.181538236760125","-0.111439349251604","-0.0225832858161083","-8.75e+08","comingSoon"
"TECK","1.01210653753027","-0.187303546695349","-0.106033901416809","-0.757760140167364","-0.733536154114365","-2.94e+08","comingSoon"
"ZTO","2.69600016724596","-0.541658214002909","-0.518587861134172","-0.195873337137187","-0.151263514739863","0","comingSoon"
"WN.TO","-0.0707559175362688","0.0158535473692044","0.0459906784066384","-0.396269781902552","-0.368652187935035","-2.953e+09","comingSoon"
"GRMN","-0.258451932420413","0.0438470276220475","0.148231730183562","-0.128362193679542","-0.0411984152652005","0","comingSoon"
"TOTS3.SA","-0.133832341595106",NA,NA,NA,NA,"-4157000","comingSoon"
"K","-0.224848075624578","0.0699941469571962","0.176993561596502","-0.153727058467742","-0.0690997654569892","-7.4e+08","comingSoon"
"TDY","0.320547945205479","-0.21012822009839","-0.131141042411633","-0.00628155400853357","0.0930902874466652","-1.141e+09","comingSoon"
"CINF","0.336505778382053","-0.214367264278297","-0.135803990758048","-0.272354422946368","-0.199589865580448","0","comingSoon"
"WPM","0.522307722977553","-0.032645215758823","0.0144107956038182","-0.0674026553552158","-0.0144265976636655","-680204000","comingSoon"
"VFC","0.921661355561679","0.147895120486036","0.298840474497312","-0.531281693386847","-0.696899715349781","-1664000","comingSoon"
"ZBRA","0.128491620111732","0.0666150879687222","0.173276596765594","-0.0124073859020311","0.0863518733572282","-3.03e+08","comingSoon"
"RKT","5.27514077353121","0.215423803620482","0.422301538680353","0.293376778819636","0.500710460400376","-4990981000","comingSoon"
"FTV","-0.330565760470242","0.358652713570708","0.494517984661351","0.0103279487179487","0.111360741288626","-611100000","comingSoon"
"PKI","0.609069182528898","-0.12146430896621","-0.00384908002871031","-0.121022875974755","-0.0176554711277178","-1912408000","comingSoon"
"VICI","-0.00847141974635706","0.0712899107559249","0.178418901301564","0.135945840167835","0.249540422606478","-2.1e+09","comingSoon"
"CNHI","0.109540636042403","-0.112570407263372","-0.0238274480076583","-0.393030668020894","-0.332333735345328","0","comingSoon"
"DOCU","1.07435250910006","0.765143049136466","0.731862512237728","1.08636120955756","1.03275052875272","0","comingSoon"
"BGNE","0.141336759021854","0.563258542374582","0.533806334019959","-0.259961961405281","-0.205305444354351","0","comingSoon"
"MPWR","0.0594257272675855","0.0533214155015988","0.158653557134554","-0.0366888353586229","0.0596422736682051","0","comingSoon"
"SUI","0.372756618113191","-0.129140017598865","-0.0123251534149452","-0.0902609009027968","0.00422560975609756","-4037700000","comingSoon"
"FOXA","0.0742771684945164","0.209611731892478","0.3305729050275","-0.923447823255814","-0.915792606511628","0","comingSoon"
"SWKS","0.389454094292804","-0.170065766573369","-0.087072343465581","-0.326853126877127","-0.259538440232263","-2.5e+08","comingSoon"
"PPL","1.59045725646123","0.446880996022826","0.689839277883451","0.501200021621622","0.622102866891892","-5.705e+09","comingSoon"
"RCL","0.278975822148075","-0.534439989217646","-0.554253726014648","-0.0664350933247968","-0.0487940729577175","-2806932000","comingSoon"
"MTB","3.15910896128696","0.0728091247464022","0.180090037137595","0.0593629463089631","0.165299239917665","-853091000","comingSoon"
"CVNA","-2.25444917595612","-0.178026693382238","-0.181695006789449","-0.338254814814815","-0.290796985185185","-1.266e+10","comingSoon"
"DOL.TO","0.218553910719294","0.224822894155592","0.317379357612116","0.279027452919121","0.403892745256473","-463804000","comingSoon"
"PAYC","0.45126028323504","0.00374245587973367","0.13967001697735","-0.0979200602163707","0.0286602674015105","-1775000","comingSoon"
"HPE","24.5594405594406","0.0127120048949035","0.113983205369997","0.0543222804201926","0.159754508024511","-5.465e+09","comingSoon"
"COO","1.97502837684449","0.0900874816082121","0.199096229597947","-0.664645087784834","-0.631109597242503","-1.416e+09","comingSoon"
"BEKE","-0.575794161308619",NA,NA,NA,NA,"0","comingSoon"
"CF","1.54772234273319","0.0472764238299174","0.186326526766595","-0.0169060785169029","0.108899473282443","-5.18e+08","comingSoon"
"HBAN","0.507475083056478","0.108355299616091","0.219190829410783","0.139894111969112","0.253883522779923","-3.404e+09","comingSoon"
"CMS","2.55204778156997","0.115956078591895","0.227551686451085","0.0504941278195489","0.155543539097744","0","comingSoon"
"BIP","-0.253308128544423","-0.256420219987865","-0.180225908381728","0.170372963446475","0.337162968668407","0","comingSoon"
"BRO","0.378643729827467","0.14195959865097","0.256155558516066","-0.0766751018558892","0.0156573860849185","-73125000","comingSoon"
"ULTA","0.347141713832729","0.101315141928022","0.029729657512685","-0.485028180114968","-0.518501350628958","0","comingSoon"
"H.TO","-0.580645161290323","0.0745652257439446","0.123705243875433","-0.0324295751295337","0.034890792746114","-4.709e+09","comingSoon"
"CTLT","-8.92156862745098","0.197368297648824","0.317105127313657","0.0347539965811966","0.138229393162393","-6.7e+07","comingSoon"
"BXP","-0.981378583036548","0.0560727222435896","0.161679994364093","0.0222581647660579","0.124483979263206","0","comingSoon"
"BBY","-1","-0.148875250381561","-0.00746415872954541","-0.383736517959184","-0.271411328163265","0","comingSoon"
"ALNY","0.083505271974342","0.121838782309807","0.234022659356356","-0.0280369689408366","0.0691593329925049","0","comingSoon"
"ICLR","0.422476691554799","0.221728360834663","0.372501732950471","0.115449169305089","0.353283637431863","-877780000","comingSoon"
"KEY","-0.324844720496894","-0.0089755179028133","0.0901269302358625","-0.163204021714286","-0.0795244247619048","-2.566e+09","comingSoon"
"MOH","0.124449339207048","0.14532463807569","0.298752549890173","0.00202874658573596","0.159532186646434","-7.23e+08","comingSoon"
"TOU.TO","17.0381556701246","-0.467421286090786","-0.404399077983083","-0.781704605795386","-0.752566480305194","-1851605000","comingSoon"
"CNP","-4.2279534109817","0.085216033644636","0.193737636853448","-0.12430998384926","-0.0367409831763122","-3.147e+09","comingSoon"
"STX","-0.000885739592559787","0.215641268139687","0.33720539481322","0.674138843987823","0.841552726027397","-3.3e+07","comingSoon"
"FLT","-0.219927415221785","0.0840008974018751","0.192400986895039","0.0554632929003915","0.16100962004629","-2537400000","comingSoon"
"VIV","-0.205869521119502","-0.272930664319942","-0.311232150932255","-0.179943858243699","-0.200825986675229","-3901147000","comingSoon"
"AKAM","0.778685979698962","0.0888281396489044","0.197710953613795","0.0195764929209597","0.121534139911178","0","comingSoon"
"TRU","0.0188383045525903","0.11975392912641","0.231729321667455","-0.640596282892365","-0.604655911614159","-780800000","comingSoon"
"PODD","-1.31272727272727","0.534992835820896","0.523077647433564","-5.61355863095238","-5.48028142857143","-483200000","comingSoon"
"PFG","-0.1490164747369","0.170770006590617","0.287847007158532","0.0720310171869519","0.179234118437975","-1800000","comingSoon"
"GIB","0.108623639860705","0.00674988778978911","0.107424876469814","0.128800591203384","0.241680648643753","-2058451000","comingSoon"
"SSNC","0.198553278308448","0.0721635319738666","0.179379885171253","-0.03672709125","0.0596001975","-889900000","comingSoon"
"HOLX","1.92853282896514","-0.0273722852120803","0.107971875432772","-0.120395755810847","-0.00843406518835159","-1369700000","comingSoon"
"GNRC","-0.290385363037664","0.115155087359895","0.226670596095884","0.0346279959204488","0.138090794387617","-347669000","comingSoon"
"WSP.TO","-0.0902131782945736","-0.276750714945861","-0.260657121051454","-0.358988456503378","-0.333091693412162","-538200000","comingSoon"
"WMG","-0.810650887573965","0.0596305602716469","0.165593616298812","0.0382154605263158","0.142037006578947","-8.49e+08","comingSoon"
"JBHT","-0.280965564616433","-0.0481688385117332","0.0470142775056043","-0.0975644211533558","-0.00732086497740554","0","comingSoon"
"HEI","0.0562321167316183","0.116407297706683","0.228048027477351","0.0684413352179344","0.175285464466505","-5.05e+08","comingSoon"
"MGA","-0.26488513830286","0.177140285966558","0.294854314524585","0.236088938573316","0.359697831571995","-1.21e+08","comingSoon"
"TER","0.412212445793455","-0.0972099970266395","-0.00693099724241746","-0.194190312530493","-0.113609346247594","-342990000","comingSoon"
"MRO","15.8692307692308","-0.190969217282628","-0.110066139260846","-1.37617936575053","-1.41379730338266","-1.4e+09","comingSoon"
"PWR","-0.77125284807278","0.0480861908814593","0.152894809969605","0.148091288100157","0.262900412794574","-4269113000","comingSoon"
"YUMC","-0.603231597845601","0.129925789607226","0.242918368517203","0.181345044444444","0.299479547474747","0","comingSoon"
"WAT","-0.0632802856389424","-0.0145624820074418","0.083981269791814","-0.135114069132545","-0.0486254793654551","0","comingSoon"
"CFG","308.285714285714","0.0882711693997292","0.197098286294569","-0.101997934454506","-0.0121977283311772","-1.506e+09","comingSoon"
"CHKP","0.0222475256196899","0.064159128669005","0.170575041535905","0.0586089749877391","0.164469871260422","0","comingSoon"
"TS","-1.07751182099952",NA,NA,NA,NA,"-1169526000","comingSoon"
"AGR","0.0522438044206296","0.0794884260108976","0.187437268425581","-0.15552858698727","-0.0710814483734088","-3.31e+09","comingSoon"
"TYL","-0.03209204495703","0.0428857479838748","0.147174322845065","0.107198577958354","0.21791842460578","-1.45e+08","comingSoon"
"NTAP","0.251068376068376","0.677214380745125","0.759182798920613","0.198946919178082","0.288108310958904","-6.89e+08","comingSoon"
"TRMB","0.144993498049415","0.0246418758711158","0.127106063239594","0.0627703978079968","0.169047434544347","-449900000","comingSoon"
"BR","0.0798798798798799","0.245807918577408","0.370388710375073","0.0813846228310502","0.189523084931507","-2230700000","comingSoon"
"MGM","1.50051881865842","0.232709752338293","0.225980556789468","0.972548044038043","0.809637622073232","-2096217000","comingSoon"
"NUAN","-0.0110831129991152","0.133307324907386","0.246638057398125","1.04363099603382","1.24799408815386","-230076000","comingSoon"
"GPC","-0.468318525834392","0.0262542623384318","0.163233634067124","-0.0536110582004695","0.0761989997663525","-1053423000","comingSoon"
"WRB","0.34135754174018","0.0204379600621905","0.122481756036768","-0.13998119883813","-0.0539793210691547","-504952000","comingSoon"
"SEDG","-0.323235800344234","0.0421116772283227","0.146322844492875","-0.0191148962582018","0.0789736064314004","-16073000","comingSoon"
"CPT","0.615616039621166","0.0918797465863928","0.201067721245032","0.278727722625672","0.40660048962347","0","comingSoon"
"INCY","2.82218617979473","0.0271413353193134","0.129855468717298","0.563164322287712","0.719480752829753","-2417000","comingSoon"
"WAB","0.456820639579793","0.163673477371516","0.280040824980823","-0.107496161290323","-0.0182457795698925","-5.552e+09","comingSoon"
"TRGP","2266.08701134931","-0.0505352247224156","0.0740478433373845","12.8014175561798","14.6612267275281","-3429500000","comingSoon"
"CLX","-0.268575851393189","0.0734267810924942","0.180769459201744","-0.589431874647887","-0.548375063380282","0","comingSoon"
"LSXMA","-0.0432020330368488","2.80075160050598","2.64416616789328","-14.6827176761269","-13.785558475793","-5.872e+09","comingSoon"
"TTWO","0.333865258882735","-0.124455747675799","-0.0369013227102217","-0.217917926389828","-0.13970972140618","0","comingSoon"
"AES","-1.25029239766082","0.0265264636926667","0.129179109954223","0.155170684596577","0.270687750611247","-4.458e+09","comingSoon"
"ERF.PA","0.140898617511521","-0.119480881849443","-0.0691623976956399","-0.677336854076156","-0.652974660107335","-453600000","comingSoon"
"ETSY","-0.0709201360426609","0.0658993076337182","0.17248923839709","-0.149652426409352","-0.0646176751292282","-52764000","comingSoon"
"IP","-0.359429065743945","0.276987999122037","0.404686798946444","0.157110320776256","0.27282135216895","-7.185e+09","comingSoon"
"MRU.TO","0.0213826032800498","0.0129603006071214","0.0229962118908275","-0.0548376014580802","-0.0297385394896719","-285200000","comingSoon"
"CHWY","3.25099403578529","0.0980026776074476","0.207802945368192","-3.50011758808946","-3.75012936044543","-3310000","comingSoon"
"OMC","-0.223866116905166","0.0921792917628945","0.201397220939184","-0.120065704711347","-0.0320722767086928","-1.25e+09","comingSoon"
"POOL","-0.266168101968985","-0.0417721815006617","0.0862450940255126","-0.13987181229097","-0.0370439101539445","-993133000","comingSoon"
"DISH","0.81488866578087","0.0880258749095274","0.19682846240048","-0.0125897043194303","0.0861513248337995","-2089876000","comingSoon"
"TECH","1.00597499234393","0.142703580542881","0.25697393859717","0.268682301830354","0.39555051634499","-271500000","comingSoon"
"CLF","1","0.200296272696146","0.320325899921737","0.129189089020772","0.242107997362348","0","comingSoon"
"ENTG","-0.397222169299065","-0.0607025577092975","0.101870296268682","-0.166582744680123","-0.026994955099407","-6.51e+08","comingSoon"
"ROKU","1.85731651724662","0.0183006738084283","0.120130740827553","6.97737057161128","7.77510762629701","-5e+06","comingSoon"
"PINS","64.1094967177243","0.0639504163455231","0.20845153987914","3.66111613965453","4.12048804505148","0","comingSoon"
"EXPD","0.370023820145555","-0.0223554434567411","0.108425638924207","-0.211869759066106","-0.11469029779045","0","comingSoon"
"AA","11.9268292682927","-0.00535105727452271","0.128594001398947","0.0874082237762238","0.244708377622378","-1.294e+09","comingSoon"
"TFX","0.677121418984588","0.0838979585081381","0.192287754358952","-0.148303922336178","-0.063134317042116","-1034500000","comingSoon"
"PPD","-0.713362083004905","0.246482235509585","0.371130458911018","1.37693538984065","1.61462891776356","-2816502000","comingSoon"
"DRI","3.07275132275132","0.389861935909729","0.528848129542391","0.691211177498808","0.860332293023995","-277100000","comingSoon"
"TCOM","-1.67010309278351","-0.277037250461969","-0.319831389701843","-21.2645142436364","-20.9194538963636","-1.3801e+10","comingSoon"
"EMA.TO","-0.190669371196755","0.208143114830876","0.262815442150911","0.398686639285714","0.477655526785714","-2.192e+09","comingSoon"
"FMC","0.349831271091114","0.089059303892809","0.19796523428209","0.045967784114053","0.150564560760353","-1203100000","comingSoon"
"ATO","-2.4018817458841","0.0295668659335757","0.198493522798306","-0.0524427634949659","0.0859797028981479","0","comingSoon"
"CZR","1.44213263979194","0.0302338695924765","0.165578127586207","3.04731442885182","3.5276190686948","-2.349e+09","comingSoon"
"ALUP11.SA","2.31035962686661",NA,NA,NA,NA,"-895254000","comingSoon"
"PLUG","-1.68084609887359","-0.123028301436073","-0.085872395698548","14.1440053917146","15.6255691998304","-88311000","comingSoon"
"CAG","-0.347159052338606","0.105137732795694","0.215651506075264","-0.0662446134893748","0.0271309239297813","-2813100000","comingSoon"
"EPAM","-0.0310924405084796","0.114785330205548","0.226263862960014","-0.0188710625098619","0.0792418260486824","-31054000","comingSoon"
"AMH","-1.14117704403963","0.104621430466867","0.215083573513554","-0.136198538277664","-0.0498184005669198","0","comingSoon"
"DGX","0.153119092627599","0.0405944938820912","0.144653943177605","-0.00907495087719298","0.0900175533834586","-2e+06","comingSoon"
"FDS","0.153440697994853","0.134302554596609","0.247732810119106","0.106133536875297","0.216746885557697","0","comingSoon"
"STLD","6.67661818853869","-0.0749165095592609","0.0480764425262849","-0.227829578484076","-0.138003957603858","-1522002000","comingSoon"
"BG","0.155857472442963","-0.074359272771842","0.0182047999391398","-0.261083445620789","-0.187191791145332","0","comingSoon"
"FWONA","3.9","1.16518875421348","1.04246552949438","9.15318603157895","8.55303306315789","-3.22e+08","comingSoon"
"CAH","0.2801261829653","0.134649077117199","0.248113984821533","0.0827279476268412","0.191000739770867","0","comingSoon"
"KMX","1.88517542594397","0.590688966983848","0.806187747336446","0.0817003838434957","0.248073500607161","-12878780000","comingSoon"
"ACC","-0.0855466156645695","0.103117648494443","0.213429413343888","0.0620557637577841","0.168261348586886","-1204523000","comingSoon"
"LNT","0.161676646706587","0.189265644589806","0.308192208776233","0.052390234421365","0.157629256676558","-8e+06","comingSoon"
"WLK","1.24870466321244","-0.0647458503990491","0.0287795645270844","-0.266992898263027","-0.193692189081886","0","comingSoon"
"TXT","1.71175166297118","0.311114451784849","0.442225896866419","0.382839790884718","0.521123766756032","-6.21e+08","comingSoon"
"WPC","0.155876577280179","-0.00785711335281978","0.125787916702966","0.125813375025611","0.278116605851879","-3090725000","comingSoon"
"SJR","0.17815344603381","-0.0526612642947903","0.113947494645126","0.00576269168356998","0.211795364097363","-1.11e+08","comingSoon"
"CCK","-0.877747252747253","0.124768825697736","0.237245708267509","0.131577360714286","0.244735098214286","0","comingSoon"
"XYL","-0.599514563106796","0.0635075636188643","0.169858319923003","0.0199733793911007","0.121970714285714","-6e+08","comingSoon"
"CE","0.317671092951992","0.0710085510132365","0.178109405997423","0.0600294915343915","0.16603243968254","-7.92e+08","comingSoon"
"ELS","0.221711330700928","-0.351323918379396","-0.239334076117966","0.037029434847873","0.232164455687715","-861238000","comingSoon"
"ABMD","-0.183523184479207","0.29963410979302","0.429597520772322","-0.440993393193659","-0.385092739164172","0","comingSoon"
"KIM","0.0490953750807322","0.190574237588717","0.394417831062191","4.06191904357397","4.62828723584489","-229288000","comingSoon"
"NVR","0.346882252653578","0.160232205139652","0.276255425653618","0.0528577882283688","0.158143565353164","-1363000","comingSoon"
"WDC","3.24858757062147","0.591819638813379","0.721053351790569","-1.49554271863581","-1.30758325700365","-8.86e+08","comingSoon"
"ZEN","12.6320793716412","0.126527920526101","0.239180711532844","0.185626030655864","0.304188625672945","0","comingSoon"
"SJM","0.276813800101471","0.0297685957239432","0.132745455158884","-0.150215193426909","-0.0652367145954582","-7e+08","comingSoon"
"UAL","0.993174061433447","0.063801019038727","0.175335394292441","1.03020656822811","1.55617890071283","-5.205e+09","comingSoon"
"LDOS","-0.194613379669852","0.513247851787144","0.59299324495887","-0.00703733598937583","0.095819588313413","-1.06e+08","comingSoon"
"CRL","0.40001578885044","0.0620104602616831","0.168211506259604","0.0243034103871789","0.126733749891299","-6242877000","comingSoon"
"APA","26.7093023255814","-0.0214162598622417","0.0764421139636819","-0.0830173991189427","0.00868085991189427","-1.795e+09","comingSoon"
"IEX","-0.048535138142036","0.0956474247685185","0.20521216724537","0.0843784824210058","0.192816326212728","-350100000","comingSoon"
"JKHY","-0.0862705767186552","0.170885865005901","0.287974451506491","0.0665184978280342","0.173170337979061","-100114000","comingSoon"
"PKG","-0.200457815565729","0.0799149111936147","0.187906402209487","-0.154533307573416","-0.069986638925217","-7.57e+08","comingSoon"
"BMRN","4.55315028569237","0.0511240199861884","0.156236421984807","-0.655986797752809","-0.621585471285893","-3039000","comingSoon"
"CCO.TO","18.4745540271229","0.102349043108264","0.0775503524106024","-1.65904310907903","-1.67884328845648","-2727000","comingSoon"
"OTEX.TO","-0.0786798317583834",NA,NA,NA,NA,"-6.1e+08","comingSoon"
"AVY","0.454289468744134",NA,NA,NA,NA,"-13400000","comingSoon"
"EMN","-0.0289179104477612","0.0510791034746086","0.156187013841161","0.108835168028005","0.21971868378063","-3e+08","comingSoon"
"DPZ","0.111121251681461","0.010225361244034","0.111247897299589","0.0634818489735869","0.169830030148864","-910212000","comingSoon"
"BOL.PA","0.234461243100552","0.138981490366868","0.181399001804268","-0.377037229793233","-0.34427179981203","-1498400000","comingSoon"
"GDDY","-0.156638852291026","0.0360020811384543","0.139602289226092","-0.0330015476681799","0.0636982913743293","-32400000","comingSoon"
"NICE","-0.053754957772012","0.0841995783775343","0.192619535174245","0.124561396023551","0.237017523077155","-177308000","comingSoon"
"BEN","0.270676691729323","0.0974711293098332","0.207218242240817","-0.142704608453473","-0.0569750704456094","-2065700000","comingSoon"
"CAR","-0.388634471273938","-0.00288632019757328","0.124512655427896","-0.532897923735409","-0.530599307392996","-1.141e+10","comingSoon"
"IPG","0.119426087991903","-0.0596335699708028","0.0344030730321169","-0.415772963895886","-0.357350261335013","-1570900000","comingSoon"
"HST","0.832506203473945","-0.0887670456747405","0.0244587100346021","16.1931956363636","21.6763961818182","-1.2e+09","comingSoon"
"LBTYA","-0.244956975595994","-0.0430891885601234","-0.0261895241143212","-1.62046228572705","-1.7804532818691","-1796700000","comingSoon"
"CPB","-0.307201458523245","0.0481483285747994","0.152963161278905","-0.24046653992016","-0.164513195608782","-1.501e+09","comingSoon"
"CGNX","0.303421694740656","0.0906096964799855","0.240194835974999","0.0398257259335217","0.175263912162669","0","comingSoon"
"EQT","0.225745251982966","0.788289862865835","0.967118848956639","5.44715132700974","6.09186645884455","-8.386e+09","comingSoon"
"DAR","0.26206981562898","0.0406869830211485","0.144755681323263","-0.152252317510455","-0.0674775515659519","-661402000","comingSoon"
"FNF","1.69686648501362","-0.039624262654444","0.0564133110801116","-0.196770110239472","-0.116447122213047","0","comingSoon"
"WTRG","-0.547192443919717","0.198358101402235","0.40317247932001","0.0879412249891106","0.259570345588167","-1820571000","comingSoon"
"VTRS","3.64765710134399","0.0297096284306984","0.132680591290541","-0.280728019856591","-0.20880082184225","-4.201e+09","comingSoon"
"NDSN","0.123345268496922","0.0335832430576634","0.13694156698243","-0.0558740580322558","0.0385385304422847","-305454000","comingSoon"
"QRVO","0.426529860199452","0.231706389075605","0.354877027833737","0.183438600293616","0.301782458278297","-1087994000","comingSoon"
"EXAS","-4.29962567586302","0.0558235106703858","0.161405861737424","-0.10680924910808","-0.017490177544596","-23749000","comingSoon"
"AQN.TO","-3.22907415254992","0.100038830372101","0.227766028915601","1.82561333766268","2.19566681894895","-12895091000","comingSoon"
"KL.TO","0.583404432713347",NA,NA,NA,NA,"-108859000","comingSoon"
"CHRW","-0.94601533754734","0.0358430808438596","0.139427388884959","-0.0533021539955819","0.0413676278805323","-3205299000","comingSoon"
"CSL","-0.522787757817698","0.0599237500779577","0.19834775835187","-0.017852473322267","0.0964656675361631","-6.5e+08","comingSoon"
"NI","0.0519798195994496","0.169755197158952","0.365518482529186","-0.0122062472217473","0.129926525901864","-25700000","comingSoon"
"ZG","-11.393730993411","-0.338871790132185","-0.272758969390881","3.19215784507472","3.61137363128746","-1978249000","comingSoon"
"Z","-11.393730993411","-0.616277692228762","-0.64121964249594","-0.905408094706666","-0.911556566504414","-1978249000","comingSoon"
"NWSA","1.4766081871345","0.0679525385766189","0.174747792263304","0.637888133333333","0.801676945454545","-5.57e+08","comingSoon"
"MPW","0.314133243528551","0.0394613991735446","0.143407539090899","-0.0224667289614204","0.0752865960083595","-1390994000","comingSoon"
"LKQ","-0.155442012311444","0.0514252048973664","0.156567725387103","-0.290479737787992","-0.219527714041873","-4949567000","comingSoon"
"REXR","0.237544253518694","-0.0535559341974034","0.0781651986616571","-0.269791158833758","-0.161917421105575","-1095280000","comingSoon"
"CTXS","-0.349631402476885","0.0725528125650805","0.219358290360783","-0.124912923294059","-0.011988084514096","-3.4e+08","comingSoon"
"DISCA","0.0376551133932392","0.0714898695759167","0.178638856533508","-0.211223472166998","-0.132345820079523","-5.74e+08","comingSoon"
"FFIV","0.0226089011212098","0.104877591595043","0.215365350754547","-0.00896241407313708","0.0901413411987043","-2e+07","comingSoon"
"AAP","0.172024642318794","0.114532548541374","0.225985803313679","0.0430644335084109","0.147370874911541","0","comingSoon"
"GME","-8.79120879120879","0.145254290182508","0.271399613855291","1.1217493495935","1.37295311303436","-332400000","comingSoon"
"RHI","-1","0.0496607273853956","0.154626800139412","-0.19192403771303","-0.111116444992366","0","comingSoon"
"FHN","5.03508771929825","0.0971387495820796","0.206852624540288","-0.236130597597598","-0.15974365965966","0","comingSoon"
"BSY","0.0456937571570901",NA,NA,NA,NA,"-15932000","comingSoon"
"WRK","0.34028921837818","0.124908184048949","0.237399002459178","0.093405421686747","0.202745962066086","-1959300000","comingSoon"
"PTC","0.696004186372567","0.00252854120749751","0.102781394996234","-0.343493863789333","-0.277843253523105","-168354000","comingSoon"
"VIV.PA","0.493654822335025","0.938726077831174","1.03962771782282","-0.922824043333873","-0.917397472906204","-1.378e+09","comingSoon"
"CBOE","-0.613291767039819","-0.545694460341078","-0.500263906375186","0.0268017655954631","0.129481939508507","-2e+07","comingSoon"
"AER","1.58334493871741","-0.0186458757520818","0.11352251744154","-3.96932799448028","-4.40908342209093","-11560015000","comingSoon"
"A17U.SI","0.191118048831464",NA,NA,NA,NA,"-3325962000","comingSoon"
"REG","0.321106431745599","0.00153534717761956","0.101688881723879","-0.12965641333551","-0.0426220590961537","-318269000","comingSoon"
"ELAN","1.81273088945723","0.101583630640084","0.211741993704092","-0.117251995762712","-0.0289771970338983","-8.23e+08","comingSoon"
"SAP.TO","0.400564481111594","0.127967919741988","0.161674354584823","0.00344037563938619","0.050141665601023","-1617100000","comingSoon"
"CUBE","0.279609039605963","0.068942963708599","0.175837260079459","0.0502261255940076","0.155248731441458","-20023000","comingSoon"
"HSIC","0.146312997540362","0.0409250173836493","0.145017519122014","-0.164897647774511","-0.0813874154035283","-140678000","comingSoon"
"MAS","-0.0441001191895113","0.0653242368955224","0.171856660537313","0.161113","0.277224299019608","-1.329e+09","comingSoon"
"LSI","0.451338948241606","-0.000731775322790211","0.0991950468778585","-0.091600023263556","-0.000760032408540132","-459489000","comingSoon"
"BURL","1","-0.0629195335335138","0.0942020691128843","-0.291197001753747","-0.136935991918579","0","comingSoon"
"RE","0.333995689695672","0.0717966216788995","0.178976283775999","-0.584368058340216","-0.542804865987036","0","comingSoon"
"JLL","0.00735522635450119","-0.497053718077142","-0.459345794237621","-0.197187565515807","-0.117014208610649","0","comingSoon"
"TDOC","2.63483463854286","0.0490502467891339","0.153955270976092","12.3596573521489","13.6956230838656","-139000","comingSoon"
"LAMR","0.198435385273079","0.00923254490738228","0.110155798838649","-0.177239952072973","-0.0949639516606973","-695397000","comingSoon"
"EN.PA","0.372031662269129","0.0343153257889704","0.0816723048028902","0.0853575217777778","0.162819495111111","0","comingSoon"
"GGG","0.00196159245360199","0.0667289525902492","0.173401847849274","0.0696204162176663","0.176582452383226","-70000","comingSoon"
"AMC","0.458298166193509","-0.288576592428498","-0.322229208038293","0.0191563942951698","0.0265024292805925","0","comingSoon"
"AM.PA","2.43816561365308","-0.115794269186996","-0.0342520651867455","0.151739690977086","0.311466953643259","-100881000","comingSoon"
"BAH","0.491615664617136","0.624257132833978","0.710966162985381","-0.110369204444313","-0.0439128511325904","-527865000","comingSoon"
"JNPR","0.152658326817826","0.110305719052245","0.221336290915234","-0.346862694895133","-0.281548967154729","-423800000","comingSoon"
"RNG","-0.629359519026855","-0.00609567369011145","0.0932947589408774","-0.4455073089701","-0.390058043853821","-337792000","comingSoon"
"ARX.TO","1.97189256714553","-0.778563280595119","-0.755958002903021","-1.0362030994152","-1.0405625553013","-8367700000","comingSoon"
"WSO","-0.39106746271561","0.050709899474411","0.186441602263116","0.0196136056045543","0.133079664395088","0","comingSoon"
"CONE","0.0466798159105851","0.0416380525835614","0.145801857841918","1.02592225296443","1.22851446640316","-614900000","comingSoon"
"KOF","2.08790421612771","-0.360966560953574","-0.350164726314655","-0.215906426215941","-0.192380228354978","-4.576e+10","comingSoon"
"HTHT","0.7146529562982",NA,NA,NA,NA,"-4.171e+09","comingSoon"
"HAS","-0.194437717056241","0.105487444084481","0.290138380941997","-0.181780228598087","-0.0801867133193375","-1225700000","comingSoon"
"VER","5.5565808414134","0.135948892941588","0.249543781202481","0.187956798655583","0.30675248100712","-2557834000","comingSoon"
"W","-0.894368285784165","0.185816484680479","0.304398133060986","-2.12504010687023","-2.23754410687023","0","comingSoon"
"GLPI","0.855434856869577","0.0878365702005424","0.196620227220597","0.109494272975974","0.220443696903082","-363391000","comingSoon"
"PCTY","0.233549359029021","0.184433008667033","0.302876309533736","-0.0979724085344329","-0.00776968045298578","-1e+08","comingSoon"
"CCJ","18.4745540271229","-0.0891938509163489","0.0688051233098122","2.18494993029627","3.09875576396268","-2727000","comingSoon"
"OTEX","-0.0786798317583834","0.0744670331633746","0.181913736538777","0.128430325230468","0.241273352603389","-6.1e+08","comingSoon"
"TFII.TO","0.242375457408245",NA,NA,NA,NA,"-166377000","comingSoon"
"EMP-A.TO","-0.184221255776026",NA,NA,NA,NA,"-957300000","comingSoon"
"RS","-0.437762237762238","0.0072858842854406","0.138545554767159","-0.131291210898797","-0.0157859582448691","-20700000","comingSoon"
"TAP","-0.0624498171112499","0.234501105187895","0.400815404048756",NA,NA,"-1006600000","comingSoon"
"BLDR","9.24197046998007","-0.0735283581021196","0.0493488999819844","-0.253735787195668","-0.166262902975282","-554677000","comingSoon"
"LNC","-0.717228464419476","0.33275917697217","0.510650711341285","-0.00468545551601423","0.117474433451957","-5.9e+07","comingSoon"
"QGEN","1.81610871985883","0.0793515144624603","0.187286665775471","0.265515629176023","0.392067188972277","-41345000","comingSoon"
"AZPN","0.132025851909742","0.149225657479249","0.264148223227174","-0.121372188503548","-0.0335094136077523","-135182000","comingSoon"
"EWBC","0.683013136538631","-0.0525771742183761","0.0421651083597862","0.0198591298092398","0.121845040155513","-427749000","comingSoon"
"ACM","1.6433770014556","0.101898739300908","0.212088613230999","0.2191475243237","0.341062268672229","-2726347000","comingSoon"
"DVA","-0.0115570335311889","0.0920874166232528","0.201296158285578","-0.0568084470335735","0.0375107057080076","-861115000","comingSoon"
"XLRN","-0.385607316847082","0.531758589756061","0.684934448731667","0.307575227368548","0.438332741070891","0","comingSoon"
"SNA","-0.0493107104984093","-0.137284885585762","-0.0510133741878002","-0.259670336380256","-0.185637372333943","-2.5e+08","comingSoon"
"GLOB","1.1835811247576","0.0947873296748538","0.204266062642339","0.0565427533599709","0.162197021431166","-51170000","comingSoon"
"AGCO","-0.340727736993297","0.00801692008654822","0.108818611996445","-0.213172705685619","-0.134489978818283","-3800000","comingSoon"
"UHS","-0.982187501389815","0.0812645856702639","0.18939104423729","-0.0410694853719783","0.0548235641747093","-3037868000","comingSoon"
"SCI","0.0597931768990277","-0.0562132371487057","0.0381654388950611","-0.179848126694556","-0.097832942477573","-70775000","comingSoon"
"XRAY","-0.0602189781021898","0.0479418993178076","0.152736089155493","0.00791766508313539","0.108709427553444","-2.97e+08","comingSoon"
"IVZ","-0.130906482560746","-0.182515642903764","-0.10076720719414","-0.144350979261259","-0.0587860786599583","-2497300000","comingSoon"
"BILI","-0.0843399694816478","-0.464698891603887","-0.449108190372893","-0.0848111213822838","-0.042815740611451","-1e+08","comingSoon"
"IGM.TO","0.36392420160744","0.099447587494474","0.176946152551094","-0.0833437635668457","-0.00242192596345673","-2465721000","comingSoon"
"MGP","-0.0350731347546756","0.1264583543781","0.23910418981591","-0.053976073341995","0.040626316890751","0","comingSoon"
"MMP","0.568723757270097","0.0505048560242948","0.155555341553547","-0.140030589613035","-0.054033650712831","0","comingSoon"
"MTN","0.842423725159018","0.453005229066193","0.502185350655335","-0.203434947203754","0.22962867422761","-108157000","comingSoon"
"CDAY","0.834444444444444","0.0401548642843195","0.217510161101347","-0.0598191644562334","0.119980397877984","-302800000","comingSoon"
"ZNGA","-0.413946587537092","0.103835172290662","0.214218689519729","0.028254443378119","0.131079875239923","-1200000","comingSoon"
"H","1.27830832196453","1.62968220442536","1.56295555911493","1.20824225675676","2.20968373423423","-1.218e+09","comingSoon"
"RGEN","0.315840246961219","-0.0616440434042122","0.0663485296793302","-0.31204620745025","-0.212947720416865","-21000","comingSoon"
"CAE.TO","0.260086902545003","0.341224644018914","0.50131008216238","-7.99459334745763","-9.06530754237288","-286900000","comingSoon"
"TEVA","-0.630094043887147","0.127945585427294","0.240740143900749","0.959864117505995","1.15585052517986","-7.84e+09","comingSoon"
"AOS","0.120126657431229","0.0925649213032298","0.201821413433553","-0.0465924225005132","0.0487483329911722","0","comingSoon"
"NLY","3.80843878499982","-0.11715869521698","-0.0288745647386779","0.250869426535715","0.37595636923113","-2560382000","comingSoon"
"HRC","-0.0580095795635977","0.058486893033425","0.16433558220426","-0.111186631790744","-0.0223052997987928","-851100000","comingSoon"
"DOX","0.580485875756143","0.0713832357110879","0.178521559282197","-0.18868389712569","-0.107552289888927","-1e+08","comingSoon"
"ARZZ3.SA","-0.580442310674148",NA,NA,NA,NA,"-243386000","comingSoon"
"CU.TO","-0.329284750337382","0.0691961706970128","0.104826775248933","1.11282519592875","1.22576505597964","-1.77e+08","comingSoon"
"PHM","-0.460459748271715","0.0743201176688364","0.1817521294429","-0.0208444469563073","0.0770711080397879","-836893000","comingSoon"
"PSTG","2.32203828804524","1.56612272840656","1.59101028132176","1.59218671078257","1.65895984196455","-2137000","comingSoon"
"WSM","0.035550308277581","76006.27311","85957.55835","51830.7711428571","57682.7232142857","-3e+08","comingSoon"
"PFPT","-0.0735450883920604","0.136106698983819","0.335146497652403","0.0991066058641467","0.270165204598038","0","comingSoon"
"WHR","0","0.0733959688878781","0.214773407414146","0.0879555064498037","0.230668438025799","-3e+08","comingSoon"
"WES","-0.11341819865178","0.0638035865290539","0.170183945251472","0.170978930297329","0.288076821580893","-1439479000","comingSoon"
"HUBB","-0.244102930664761","0.218350977587029","0.340186075345732","0.106525865229111","0.217178444743935","-3e+08","comingSoon"
